uid,namedLocation,domainID,siteID,decimalLatitude,decimalLongitude,geodeticDatum,coordinateUncertainty,elevation,elevationUncertainty,plotType,nlcdClass,plotID,subplotID,endDate,boutNumber,eventID,samplingProtocolVersion,divDataType,targetTaxaPresent,otherVariablesPresent,taxonID,scientificName,taxonRank,family,nativeStatusCode,identificationQualifier,taxonIDRemarks,morphospeciesID,morphospeciesIDRemarks,identificationReferences,otherVariables,percentCover,heightPlantOver300cm,heightPlantSpecies,remarks,measuredBy,recordedBy,samplingImpractical,samplingImpracticalRemarks,biophysicalCriteria
"d5906b4c-cbf6-4f0d-b311-fd522040a805","NIWO_027.basePlot.div","D13","NIWO",40.054439,-105.575608,"WGS84",20.10,3480.8,0.1,"distributed","grasslandHerbaceous","NIWO_027","40.1.1","2021-06-29",1,"NIWO_027.1.2021","NEON.DOC.014042vL","plantSpecies","Y","Y","SABRA2","Saxifraga bronchialis L. ssp. austromontana (Wiegand) Piper","subspecies","Saxifragaceae","N",,,,,,,0.50,"N",,,"0000-0002-3172-7101","0000-0002-9821-3869","OK",,"OK - no known exceptions"
"e80e03ee-0275-4dc4-8172-4ab49977e0a5","NIWO_027.basePlot.div","D13","NIWO",40.054439,-105.575608,"WGS84",20.10,3480.8,0.1,"distributed","grasslandHerbaceous","NIWO_027","40.3.1","2021-06-29",1,"NIWO_027.1.2021","NEON.DOC.014042vL","plantSpecies","Y","Y","PRAN","Primula angustifolia Torr.","species","Primulaceae","N",,,,,,,0.50,"N",,,"0000-0002-3172-7101","0000-0002-9821-3869","OK",,"OK - no known exceptions"
"d590d0b4-2e69-48c1-ae6e-6a901138c312","NIWO_027.basePlot.div","D13","NIWO",40.054439,-105.575608,"WGS84",20.10,3480.8,0.1,"distributed","grasslandHerbaceous","NIWO_027","32.2.1","2021-06-29",1,"NIWO_027.1.2021","NEON.DOC.014042vL","plantSpecies","Y","Y","TEACC","Tetraneuris acaulis (Pursh) Greene var. caespitosa A. Nelson","variety","Asteraceae","N",,,,,,,0.50,"N",,,"0000-0002-3172-7101","0000-0002-9505-7784","OK",,"OK - no known exceptions"
"8fa4a3ae-acf8-4e30-b040-e4869c5bf037","NIWO_027.basePlot.div","D13","NIWO",40.054439,-105.575608,"WGS84",20.10,3480.8,0.1,"distributed","grasslandHerbaceous","NIWO_027","32.4.1","2021-06-29",1,"NIWO_027.1.2021","NEON.DOC.014042vL","otherVariables","Y","Y",,,,,,,,,,,"soil",13.00,,,,"0000-0002-3172-7101","0000-0002-9505-7784","OK",,"OK - no known exceptions"
"1fcee86f-ea68-45c4-a2b8-f1041613d885","NIWO_027.basePlot.div","D13","NIWO",40.054439,-105.575608,"WGS84",20.10,3480.8,0.1,"distributed","grasslandHerbaceous","NIWO_027","40.1.1","2021-06-29",1,"NIWO_027.1.2021","NEON.DOC.014042vL","plantSpecies","Y","Y","SEDE2","Selaginella densa Rydb.","species","Selaginellaceae","N",,,,,,,0.50,"N",,,"0000-0002-3172-7101","0000-0002-9821-3869","OK",,"OK - no known exceptions"
"fe99ebd1-c2e0-4b80-b79c-3cff1293ff1c","NIWO_027.basePlot.div","D13","NIWO",40.054439,-105.575608,"WGS84",20.10,3480.8,0.1,"distributed","grasslandHerbaceous","NIWO_027","41.4.1","2021-06-29",1,"NIWO_027.1.2021","NEON.DOC.014042vL","plantSpecies","Y","Y","CARUD","Carex rupestris All. var. drummondiana (Dewey) L.H. Bailey","variety","Cyperaceae","N",,,,,,,5.00,"N",,,"0000-0002-3172-7101","0000-0001-5102-1299","OK",,"OK - no known exceptions"
"68403362-644e-4527-b47b-2d69c891046a","NIWO_027.basePlot.div","D13","NIWO",40.054439,-105.575608,"WGS84",20.10,3480.8,0.1,"distributed","grasslandHerbaceous","NIWO_027","31.1.1","2021-06-29",1,"NIWO_027.1.2021","NEON.DOC.014042vL","otherVariables","Y","Y",,,,,,,,,,,"wood",0.50,,,,"0000-0002-3172-7101","0000-0001-5212-0969","OK",,"OK - no known exceptions"
"61a57bea-82cb-4368-bed3-dae03065eeea","NIWO_027.basePlot.div","D13","NIWO",40.054439,-105.575608,"WGS84",20.10,3480.8,0.1,"distributed","grasslandHerbaceous","NIWO_027","31.1.1","2021-06-29",1,"NIWO_027.1.2021","NEON.DOC.014042vL","otherVariables","Y","Y",,,,,,,,,,,"soil",4.00,,,,"0000-0002-3172-7101","0000-0001-5212-0969","OK",,"OK - no known exceptions"
"afd75094-a3e5-417a-a734-fe346c1aa119","NIWO_027.basePlot.div","D13","NIWO",40.054439,-105.575608,"WGS84",20.10,3480.8,0.1,"distributed","grasslandHerbaceous","NIWO_027","32.2.1","2021-06-29",1,"NIWO_027.1.2021","NEON.DOC.014042vL","plantSpecies","Y","Y","MIOB2","Minuartia obtusiloba (Rydb.) House","species","Caryophyllaceae","N",,,,,,,0.50,"N",,,"0000-0002-3172-7101","0000-0002-9505-7784","OK",,"OK - no known exceptions"
"bc23dda6-a4e5-4c03-9a97-5e8d5afc1f7d","NIWO_027.basePlot.div","D13","NIWO",40.054439,-105.575608,"WGS84",20.10,3480.8,0.1,"distributed","grasslandHerbaceous","NIWO_027","40.3.1","2021-06-29",1,"NIWO_027.1.2021","NEON.DOC.014042vL","otherVariables","Y","Y",,,,,,,,,,,"wood",0.50,,,,"0000-0002-3172-7101","0000-0002-9821-3869","OK",,"OK - no known exceptions"
"1334d3c2-c3d4-4bdc-8575-9b028faca757","NIWO_027.basePlot.div","D13","NIWO",40.054439,-105.575608,"WGS84",20.10,3480.8,0.1,"distributed","grasslandHerbaceous","NIWO_027","32.4.1","2021-06-29",1,"NIWO_027.1.2021","NEON.DOC.014042vL","plantSpecies","Y","Y","POGLR2/POLE3","Poa glauca rupicola/Poa lettermanii","speciesGroup","Poaceae","N",,,,,,,0.50,"N",,,"0000-0002-3172-7101","0000-0002-9505-7784","OK",,"OK - no known exceptions"
"77d1b001-9b6c-4e40-888d-7ae6df9a914a","NIWO_027.basePlot.div","D13","NIWO",40.054439,-105.575608,"WGS84",20.10,3480.8,0.1,"distributed","grasslandHerbaceous","NIWO_027","31.1.1","2021-06-29",1,"NIWO_027.1.2021","NEON.DOC.014042vL","plantSpecies","Y","Y","PONI2/POUN2","Potentilla nivea/uniflora","speciesGroup","Rosaceae","N",,,,,,,0.50,"N",,,"0000-0002-3172-7101","0000-0001-5212-0969","OK",,"OK - no known exceptions"
"e134ba03-319a-4efa-b5c2-14c19655317e","NIWO_027.basePlot.div","D13","NIWO",40.054439,-105.575608,"WGS84",20.10,3480.8,0.1,"distributed","grasslandHerbaceous","NIWO_027","32.2.1","2021-06-29",1,"NIWO_027.1.2021","NEON.DOC.014042vL","otherVariables","Y","Y",,,,,,,,,,,"standingDeadHerbaceous",18.00,,,,"0000-0002-3172-7101","0000-0002-9505-7784","OK",,"OK - no known exceptions"
"fea5edab-5e18-4a0b-83fa-9c8977357321","NIWO_027.basePlot.div","D13","NIWO",40.054439,-105.575608,"WGS84",20.10,3480.8,0.1,"distributed","grasslandHerbaceous","NIWO_027","40.3.1","2021-06-29",1,"NIWO_027.1.2021","NEON.DOC.014042vL","otherVariables","Y","Y",,,,,,,,,,,"litter",1.00,,,,"0000-0002-3172-7101","0000-0002-9821-3869","OK",,"OK - no known exceptions"
"1c953671-9434-4c19-a770-2c69083bbca3","NIWO_027.basePlot.div","D13","NIWO",40.054439,-105.575608,"WGS84",20.10,3480.8,0.1,"distributed","grasslandHerbaceous","NIWO_027","40.1.1","2021-06-29",1,"NIWO_027.1.2021","NEON.DOC.014042vL","plantSpecies","Y","Y","POBI6","Polygonum bistortoides Pursh","species","Polygonaceae","N",,,,,,,2.00,"N",,,"0000-0002-3172-7101","0000-0002-9821-3869","OK",,"OK - no known exceptions"
"9c21123e-1de3-43b1-b08c-efeb94deb417","NIWO_027.basePlot.div","D13","NIWO",40.054439,-105.575608,"WGS84",20.10,3480.8,0.1,"distributed","grasslandHerbaceous","NIWO_027","40.3.1","2021-06-29",1,"NIWO_027.1.2021","NEON.DOC.014042vL","otherVariables","Y","Y",,,,,,,,,,,"rock",9.00,,,,"0000-0002-3172-7101","0000-0002-9821-3869","OK",,"OK - no known exceptions"
"d2938d34-905e-4ca6-82db-b02d81be9ace","NIWO_027.basePlot.div","D13","NIWO",40.054439,-105.575608,"WGS84",20.10,3480.8,0.1,"distributed","grasslandHerbaceous","NIWO_027","32.4.1","2021-06-29",1,"NIWO_027.1.2021","NEON.DOC.014042vL","plantSpecies","Y","Y","ERNAE","Eritrichium nanum (Vill.) Schrad. ex Gaudin var. elongatum (Rydb.) Cronquist","variety","Boraginaceae","N",,,,,,,0.50,"N",,,"0000-0002-3172-7101","0000-0002-9505-7784","OK",,"OK - no known exceptions"
"e274d9eb-64fa-44bf-95bc-c90853f4059c","NIWO_027.basePlot.div","D13","NIWO",40.054439,-105.575608,"WGS84",20.10,3480.8,0.1,"distributed","grasslandHerbaceous","NIWO_027","40.1.1","2021-06-29",1,"NIWO_027.1.2021","NEON.DOC.014042vL","otherVariables","Y","Y",,,,,,,,,,,"lichen",60.00,,,,"0000-0002-3172-7101","0000-0002-9821-3869","OK",,"OK - no known exceptions"
"ea092d69-85d7-435a-b2c4-b63bcea8935f","NIWO_027.basePlot.div","D13","NIWO",40.054439,-105.575608,"WGS84",20.10,3480.8,0.1,"distributed","grasslandHerbaceous","NIWO_027","41.4.1","2021-06-29",1,"NIWO_027.1.2021","NEON.DOC.014042vL","plantSpecies","Y","Y","MIOB2","Minuartia obtusiloba (Rydb.) House","species","Caryophyllaceae","N",,,,,,,1.00,"N",,,"0000-0002-3172-7101","0000-0001-5102-1299","OK",,"OK - no known exceptions"
"d4eac3aa-21ff-424d-8243-5bd5d6240fb4","NIWO_027.basePlot.div","D13","NIWO",40.054439,-105.575608,"WGS84",20.10,3480.8,0.1,"distributed","grasslandHerbaceous","NIWO_027","40.3.1","2021-06-29",1,"NIWO_027.1.2021","NEON.DOC.014042vL","plantSpecies","Y","Y","ANTEN","Antennaria sp.","genus","Asteraceae","N",,,,,,,0.50,"N",,,"0000-0002-3172-7101","0000-0002-9821-3869","OK",,"OK - no known exceptions"
"bee18970-3353-45bd-a53f-6aa254653943","NIWO_027.basePlot.div","D13","NIWO",40.054439,-105.575608,"WGS84",20.10,3480.8,0.1,"distributed","grasslandHerbaceous","NIWO_027","41.4.1","2021-06-29",1,"NIWO_027.1.2021","NEON.DOC.014042vL","plantSpecies","Y","Y","SEDE2","Selaginella densa Rydb.","species","Selaginellaceae","N",,,,,,,0.50,"N",,,"0000-0002-3172-7101","0000-0001-5102-1299","OK",,"OK - no known exceptions"
"985ff246-7442-421f-b596-9dcf9c64ca17","NIWO_027.basePlot.div","D13","NIWO",40.054439,-105.575608,"WGS84",20.10,3480.8,0.1,"distributed","grasslandHerbaceous","NIWO_027","32.4.1","2021-06-29",1,"NIWO_027.1.2021","NEON.DOC.014042vL","plantSpecies","Y","Y","CAPU","Calamagrostis purpurascens R. Br.","species","Poaceae","N",,,,,,,4.00,"N",,,"0000-0002-3172-7101","0000-0002-9505-7784","OK",,"OK - no known exceptions"
"3a376da8-251f-4bed-bb13-cad06fe07b18","NIWO_027.basePlot.div","D13","NIWO",40.054439,-105.575608,"WGS84",20.10,3480.8,0.1,"distributed","grasslandHerbaceous","NIWO_027","32.4.1","2021-06-29",1,"NIWO_027.1.2021","NEON.DOC.014042vL","plantSpecies","Y","Y","SIACS2","Silene acaulis (L.) Jacq. var. subacaulescens (F.N. Williams) Fernald & H. St. John","variety","Caryophyllaceae","N",,,,,,,0.50,"N",,,"0000-0002-3172-7101","0000-0002-9505-7784","OK",,"OK - no known exceptions"
"9fb8f90d-800d-4fb8-87bd-ff6d6d754d79","NIWO_027.basePlot.div","D13","NIWO",40.054439,-105.575608,"WGS84",20.10,3480.8,0.1,"distributed","grasslandHerbaceous","NIWO_027","40.3.1","2021-06-29",1,"NIWO_027.1.2021","NEON.DOC.014042vL","plantSpecies","Y","Y","LUSP4","Luzula spicata (L.) DC.","species","Juncaceae","N",,,,,,,0.50,"N",,,"0000-0002-3172-7101","0000-0002-9821-3869","OK",,"OK - no known exceptions"
"6e4549d0-f5b1-4bde-b14b-68925ffa109b","NIWO_027.basePlot.div","D13","NIWO",40.054439,-105.575608,"WGS84",20.10,3480.8,0.1,"distributed","grasslandHerbaceous","NIWO_027","41.4.1","2021-06-29",1,"NIWO_027.1.2021","NEON.DOC.014042vL","plantSpecies","Y","Y","TRDA2","Trifolium dasyphyllum Torr. & A. Gray","species","Fabaceae","N",,,,,,,2.00,"N",,,"0000-0002-3172-7101","0000-0001-5102-1299","OK",,"OK - no known exceptions"
"e6bc4a02-23e4-4e89-8882-b1e6a3fb098e","NIWO_027.basePlot.div","D13","NIWO",40.054439,-105.575608,"WGS84",20.10,3480.8,0.1,"distributed","grasslandHerbaceous","NIWO_027","32.2.1","2021-06-29",1,"NIWO_027.1.2021","NEON.DOC.014042vL","plantSpecies","Y","Y","LYAN","Lycium andersonii A. Gray","species","Solanaceae","N",,,,,,,0.50,"N",,,"0000-0002-3172-7101","0000-0002-9505-7784","OK",,"OK - no known exceptions"
"259fbd07-1303-492f-b519-c27517dbe5b6","NIWO_027.basePlot.div","D13","NIWO",40.054439,-105.575608,"WGS84",20.10,3480.8,0.1,"distributed","grasslandHerbaceous","NIWO_027","32.4.1","2021-06-29",1,"NIWO_027.1.2021","NEON.DOC.014042vL","otherVariables","Y","Y",,,,,,,,,,,"rock",7.00,,,,"0000-0002-3172-7101","0000-0002-9505-7784","OK",,"OK - no known exceptions"
"585b5eab-0bcc-45d7-a58e-cb54bce26680","NIWO_027.basePlot.div","D13","NIWO",40.054439,-105.575608,"WGS84",20.10,3480.8,0.1,"distributed","grasslandHerbaceous","NIWO_027","40.3.1","2021-06-29",1,"NIWO_027.1.2021","NEON.DOC.014042vL","plantSpecies","Y","Y","SIDR","Silene drummondii Hook.","species","Caryophyllaceae","N",,,,,,,0.50,"N",,,"0000-0002-3172-7101","0000-0002-9821-3869","OK",,"OK - no known exceptions"
"6ef63e65-96dd-4abc-9c34-467bc1545b4f","NIWO_027.basePlot.div","D13","NIWO",40.054439,-105.575608,"WGS84",20.10,3480.8,0.1,"distributed","grasslandHerbaceous","NIWO_027","32.2.1","2021-06-29",1,"NIWO_027.1.2021","NEON.DOC.014042vL","otherVariables","Y","Y",,,,,,,,,,,"standingDeadWoody",4.00,,,,"0000-0002-3172-7101","0000-0002-9505-7784","OK",,"OK - no known exceptions"
"b17b5f55-07b7-4bea-a211-cfd6827623df","NIWO_027.basePlot.div","D13","NIWO",40.054439,-105.575608,"WGS84",20.10,3480.8,0.1,"distributed","grasslandHerbaceous","NIWO_027","40.1.1","2021-06-29",1,"NIWO_027.1.2021","NEON.DOC.014042vL","plantSpecies","Y","Y","ERNAE","Eritrichium nanum (Vill.) Schrad. ex Gaudin var. elongatum (Rydb.) Cronquist","variety","Boraginaceae","N",,,,,,,0.50,"N",,,"0000-0002-3172-7101","0000-0002-9821-3869","OK",,"OK - no known exceptions"
"abc79f3b-83df-4e7f-9a20-bf55f5a276d6","NIWO_027.basePlot.div","D13","NIWO",40.054439,-105.575608,"WGS84",20.10,3480.8,0.1,"distributed","grasslandHerbaceous","NIWO_027","40.3.1","2021-06-29",1,"NIWO_027.1.2021","NEON.DOC.014042vL","plantSpecies","Y","Y","SEDE2","Selaginella densa Rydb.","species","Selaginellaceae","N",,,,,,,2.00,"N",,,"0000-0002-3172-7101","0000-0002-9821-3869","OK",,"OK - no known exceptions"
"37562425-fbe0-49eb-8b1e-60e15ac09d0d","NIWO_027.basePlot.div","D13","NIWO",40.054439,-105.575608,"WGS84",20.10,3480.8,0.1,"distributed","grasslandHerbaceous","NIWO_027","32.2.1","2021-06-29",1,"NIWO_027.1.2021","NEON.DOC.014042vL","otherVariables","Y","Y",,,,,,,,,,,"lichen",14.00,,,,"0000-0002-3172-7101","0000-0002-9505-7784","OK",,"OK - no known exceptions"
"80e0573f-6261-4825-b75a-00c66428d51b","NIWO_027.basePlot.div","D13","NIWO",40.054439,-105.575608,"WGS84",20.10,3480.8,0.1,"distributed","grasslandHerbaceous","NIWO_027","32.4.1","2021-06-29",1,"NIWO_027.1.2021","NEON.DOC.014042vL","otherVariables","Y","Y",,,,,,,,,,,"standingDeadWoody",0.50,,,,"0000-0002-3172-7101","0000-0002-9505-7784","OK",,"OK - no known exceptions"
"1300c4f1-79f0-4347-90f6-f59c0c4236bb","NIWO_027.basePlot.div","D13","NIWO",40.054439,-105.575608,"WGS84",20.10,3480.8,0.1,"distributed","grasslandHerbaceous","NIWO_027","40.3.1","2021-06-29",1,"NIWO_027.1.2021","NEON.DOC.014042vL","plantSpecies","Y","Y","POVI3","Polygonum viviparum L.","species","Polygonaceae","N",,,,,,,0.50,"N",,,"0000-0002-3172-7101","0000-0002-9821-3869","OK",,"OK - no known exceptions"
"0e185bfe-8465-4715-b9a9-a6d58ad617f8","NIWO_027.basePlot.div","D13","NIWO",40.054439,-105.575608,"WGS84",20.10,3480.8,0.1,"distributed","grasslandHerbaceous","NIWO_027","41.4.1","2021-06-29",1,"NIWO_027.1.2021","NEON.DOC.014042vL","plantSpecies","Y","Y","ARFEF3","Arenaria fendleri A. Gray var. fendleri","variety","Caryophyllaceae","N",,,,,,,1.00,"N",,,"0000-0002-3172-7101","0000-0001-5102-1299","OK",,"OK - no known exceptions"
"e53b3a9f-6230-4bb5-af7b-102d9ed48f44","NIWO_027.basePlot.div","D13","NIWO",40.054439,-105.575608,"WGS84",20.10,3480.8,0.1,"distributed","grasslandHerbaceous","NIWO_027","32.4.1","2021-06-29",1,"NIWO_027.1.2021","NEON.DOC.014042vL","plantSpecies","Y","Y","POLYG4","Polygonum sp.","genus","Polygonaceae","UNK",,,,,,,0.50,"N",,,"0000-0002-3172-7101","0000-0002-9505-7784","OK",,"OK - no known exceptions"
"5a2f8487-74f6-4ab2-bf99-e9285f4f7f8c","NIWO_027.basePlot.div","D13","NIWO",40.054439,-105.575608,"WGS84",20.10,3480.8,0.1,"distributed","grasslandHerbaceous","NIWO_027","40.1.1","2021-06-29",1,"NIWO_027.1.2021","NEON.DOC.014042vL","plantSpecies","Y","Y","TEACC","Tetraneuris acaulis (Pursh) Greene var. caespitosa A. Nelson","variety","Asteraceae","N",,,,,,,0.50,"N",,,"0000-0002-3172-7101","0000-0002-9821-3869","OK",,"OK - no known exceptions"
"18b3fece-8ac3-4002-b0a6-cb1db7031d3f","NIWO_027.basePlot.div","D13","NIWO",40.054439,-105.575608,"WGS84",20.10,3480.8,0.1,"distributed","grasslandHerbaceous","NIWO_027","41.4.1","2021-06-29",1,"NIWO_027.1.2021","NEON.DOC.014042vL","plantSpecies","Y","Y","ERNAE","Eritrichium nanum (Vill.) Schrad. ex Gaudin var. elongatum (Rydb.) Cronquist","variety","Boraginaceae","N",,,,,,,0.50,"N",,,"0000-0002-3172-7101","0000-0001-5102-1299","OK",,"OK - no known exceptions"
"e10bacfe-9c55-41dc-9319-88e2396f0ce4","NIWO_027.basePlot.div","D13","NIWO",40.054439,-105.575608,"WGS84",20.10,3480.8,0.1,"distributed","grasslandHerbaceous","NIWO_027","40.3.1","2021-06-29",1,"NIWO_027.1.2021","NEON.DOC.014042vL","plantSpecies","Y","Y","SARH2","Saxifraga rhomboidea Greene","species","Saxifragaceae","N",,,,,,,0.50,"N",,,"0000-0002-3172-7101","0000-0002-9821-3869","OK",,"OK - no known exceptions"
"b057ff96-c2ac-4c74-b6ce-b0cb6670f957","NIWO_027.basePlot.div","D13","NIWO",40.054439,-105.575608,"WGS84",20.10,3480.8,0.1,"distributed","grasslandHerbaceous","NIWO_027","40.1.1","2021-06-29",1,"NIWO_027.1.2021","NEON.DOC.014042vL","plantSpecies","Y","Y","PONI2/POUN2","Potentilla nivea/uniflora","speciesGroup","Rosaceae","N",,,,,,,0.50,"N",,,"0000-0002-3172-7101","0000-0002-9821-3869","OK",,"OK - no known exceptions"
"e8cae9d3-dc76-4402-a48d-d4474e1f09d9","NIWO_027.basePlot.div","D13","NIWO",40.054439,-105.575608,"WGS84",20.10,3480.8,0.1,"distributed","grasslandHerbaceous","NIWO_027","31.1.1","2021-06-29",1,"NIWO_027.1.2021","NEON.DOC.014042vL","otherVariables","Y","Y",,,,,,,,,,,"lichen",45.00,,,,"0000-0002-3172-7101","0000-0001-5212-0969","OK",,"OK - no known exceptions"
"b7b93a77-313c-43f9-ac21-41444725df16","NIWO_027.basePlot.div","D13","NIWO",40.054439,-105.575608,"WGS84",20.10,3480.8,0.1,"distributed","grasslandHerbaceous","NIWO_027","32.2.1","2021-06-29",1,"NIWO_027.1.2021","NEON.DOC.014042vL","otherVariables","Y","Y",,,,,,,,,,,"rock",13.00,,,,"0000-0002-3172-7101","0000-0002-9505-7784","OK",,"OK - no known exceptions"
"a78b5006-be32-4ee9-8d16-605601cf5142","NIWO_027.basePlot.div","D13","NIWO",40.054439,-105.575608,"WGS84",20.10,3480.8,0.1,"distributed","grasslandHerbaceous","NIWO_027","32.4.1","2021-06-29",1,"NIWO_027.1.2021","NEON.DOC.014042vL","plantSpecies","Y","Y","NOFEG","Noccaea fendleri (A. Gray) Holub ssp. glauca (A. Nelson) Al-Shehbaz & M. Koch","subspecies","Brassicaceae","N",,,,,,,0.50,"N",,,"0000-0002-3172-7101","0000-0002-9505-7784","OK",,"OK - no known exceptions"
"907fe75b-b416-498d-9691-b09f07fb66e8","NIWO_027.basePlot.div","D13","NIWO",40.054439,-105.575608,"WGS84",20.10,3480.8,0.1,"distributed","grasslandHerbaceous","NIWO_027","31.1.1","2021-06-29",1,"NIWO_027.1.2021","NEON.DOC.014042vL","otherVariables","Y","Y",,,,,,,,,,,"standingDeadHerbaceous",8.00,,,,"0000-0002-3172-7101","0000-0001-5212-0969","OK",,"OK - no known exceptions"
"36202ee9-fafc-4b0e-b223-df63c8faad95","NIWO_027.basePlot.div","D13","NIWO",40.054439,-105.575608,"WGS84",20.10,3480.8,0.1,"distributed","grasslandHerbaceous","NIWO_027","32.4.1","2021-06-29",1,"NIWO_027.1.2021","NEON.DOC.014042vL","plantSpecies","Y","Y","SELA","Sedum lanceolatum Torr.","species","Crassulaceae","N",,,,,,,1.00,"N",,,"0000-0002-3172-7101","0000-0002-9505-7784","OK",,"OK - no known exceptions"
"2e733ff8-b99d-43d2-8f13-3a0a803625f5","NIWO_027.basePlot.div","D13","NIWO",40.054439,-105.575608,"WGS84",20.10,3480.8,0.1,"distributed","grasslandHerbaceous","NIWO_027","31.1.1","2021-06-29",1,"NIWO_027.1.2021","NEON.DOC.014042vL","plantSpecies","Y","Y","TEACC","Tetraneuris acaulis (Pursh) Greene var. caespitosa A. Nelson","variety","Asteraceae","N",,,,,,,0.50,"N",,,"0000-0002-3172-7101","0000-0001-5212-0969","OK",,"OK - no known exceptions"
"083c659b-380c-476c-b716-da3a95573a82","NIWO_027.basePlot.div","D13","NIWO",40.054439,-105.575608,"WGS84",20.10,3480.8,0.1,"distributed","grasslandHerbaceous","NIWO_027","40.1.1","2021-06-29",1,"NIWO_027.1.2021","NEON.DOC.014042vL","plantSpecies","Y","Y","SELA","Sedum lanceolatum Torr.","species","Crassulaceae","N",,,,,,,0.50,"N",,,"0000-0002-3172-7101","0000-0002-9821-3869","OK",,"OK - no known exceptions"
"6f63dda1-862d-4309-853b-4aff104911fb","NIWO_027.basePlot.div","D13","NIWO",40.054439,-105.575608,"WGS84",20.10,3480.8,0.1,"distributed","grasslandHerbaceous","NIWO_027","41.4.1","2021-06-29",1,"NIWO_027.1.2021","NEON.DOC.014042vL","otherVariables","Y","Y",,,,,,,,,,,"standingDeadWoody",1.00,,,,"0000-0002-3172-7101","0000-0001-5102-1299","OK",,"OK - no known exceptions"
"c876b80e-8b18-4300-abcf-e32f5d463a1a","NIWO_027.basePlot.div","D13","NIWO",40.054439,-105.575608,"WGS84",20.10,3480.8,0.1,"distributed","grasslandHerbaceous","NIWO_027","32.2.1","2021-06-29",1,"NIWO_027.1.2021","NEON.DOC.014042vL","otherVariables","Y","Y",,,,,,,,,,,"litter",4.00,,,,"0000-0002-3172-7101","0000-0002-9505-7784","OK",,"OK - no known exceptions"
"e770a57e-2324-4cea-9e5e-4eac4482fc83","NIWO_027.basePlot.div","D13","NIWO",40.054439,-105.575608,"WGS84",20.10,3480.8,0.1,"distributed","grasslandHerbaceous","NIWO_027","31.1.1","2021-06-29",1,"NIWO_027.1.2021","NEON.DOC.014042vL","plantSpecies","Y","Y","PAPU2","Paronychia pulvinata A. Gray","species","Caryophyllaceae","N",,,,,,,2.00,"N",,,"0000-0002-3172-7101","0000-0001-5212-0969","OK",,"OK - no known exceptions"
"13ca758a-e0e7-4a2f-9577-d2b58119e8fe","NIWO_027.basePlot.div","D13","NIWO",40.054439,-105.575608,"WGS84",20.10,3480.8,0.1,"distributed","grasslandHerbaceous","NIWO_027","32.2.1","2021-06-29",1,"NIWO_027.1.2021","NEON.DOC.014042vL","plantSpecies","Y","Y","SALIX","Salix sp.","genus","Salicaceae","UNK",,,,,,,14.00,"N",,,"0000-0002-3172-7101","0000-0002-9505-7784","OK",,"OK - no known exceptions"
"0fe991f1-a890-412f-8d81-10d269309ed4","NIWO_027.basePlot.div","D13","NIWO",40.054439,-105.575608,"WGS84",20.10,3480.8,0.1,"distributed","grasslandHerbaceous","NIWO_027","40.3.1","2021-06-29",1,"NIWO_027.1.2021","NEON.DOC.014042vL","otherVariables","Y","Y",,,,,,,,,,,"soil",5.00,,,,"0000-0002-3172-7101","0000-0002-9821-3869","OK",,"OK - no known exceptions"
"22088d0c-b482-4883-b6f1-ab4693ad88b7","NIWO_027.basePlot.div","D13","NIWO",40.054439,-105.575608,"WGS84",20.10,3480.8,0.1,"distributed","grasslandHerbaceous","NIWO_027","32.2.1","2021-06-29",1,"NIWO_027.1.2021","NEON.DOC.014042vL","otherVariables","Y","Y",,,,,,,,,,,"soil",7.00,,,,"0000-0002-3172-7101","0000-0002-9505-7784","OK",,"OK - no known exceptions"
"295a23e5-81a3-4fb9-9f30-b6e175530015","NIWO_027.basePlot.div","D13","NIWO",40.054439,-105.575608,"WGS84",20.10,3480.8,0.1,"distributed","grasslandHerbaceous","NIWO_027","40.1.1","2021-06-29",1,"NIWO_027.1.2021","NEON.DOC.014042vL","plantSpecies","Y","Y","CEARS2","Cerastium arvense L. ssp. strictum (L.) Ugborogho","subspecies","Caryophyllaceae","N",,,,,,,0.50,"N",,,"0000-0002-3172-7101","0000-0002-9821-3869","OK",,"OK - no known exceptions"
"f3305354-4469-499d-bf00-0ab21db41f9d","NIWO_027.basePlot.div","D13","NIWO",40.054439,-105.575608,"WGS84",20.10,3480.8,0.1,"distributed","grasslandHerbaceous","NIWO_027","40.1.1","2021-06-29",1,"NIWO_027.1.2021","NEON.DOC.014042vL","plantSpecies","Y","Y","CARUD","Carex rupestris All. var. drummondiana (Dewey) L.H. Bailey","variety","Cyperaceae","N",,,,,,,6.00,"N",,,"0000-0002-3172-7101","0000-0002-9821-3869","OK",,"OK - no known exceptions"
"529d6ec4-7805-4e48-8e1b-f4e464a3777b","NIWO_027.basePlot.div","D13","NIWO",40.054439,-105.575608,"WGS84",20.10,3480.8,0.1,"distributed","grasslandHerbaceous","NIWO_027","32.2.1","2021-06-29",1,"NIWO_027.1.2021","NEON.DOC.014042vL","plantSpecies","Y","Y","DROCH","Dryas octopetala L. ssp. hookeriana (Juz.) Hultén","subspecies","Rosaceae","N",,,,,,,23.00,"N",,,"0000-0002-3172-7101","0000-0002-9505-7784","OK",,"OK - no known exceptions"
"4f414208-2a92-4614-8aca-f89705ae2ba1","NIWO_027.basePlot.div","D13","NIWO",40.054439,-105.575608,"WGS84",20.10,3480.8,0.1,"distributed","grasslandHerbaceous","NIWO_027","40.1.1","2021-06-29",1,"NIWO_027.1.2021","NEON.DOC.014042vL","otherVariables","Y","Y",,,,,,,,,,,"litter",0.50,,,,"0000-0002-3172-7101","0000-0002-9821-3869","OK",,"OK - no known exceptions"
"c2c6c0a0-9461-4c8c-9aee-235663b8d1a9","NIWO_027.basePlot.div","D13","NIWO",40.054439,-105.575608,"WGS84",20.10,3480.8,0.1,"distributed","grasslandHerbaceous","NIWO_027","32.4.1","2021-06-29",1,"NIWO_027.1.2021","NEON.DOC.014042vL","plantSpecies","Y","Y","LUSP4","Luzula spicata (L.) DC.","species","Juncaceae","N",,,,,,,1.00,"N",,,"0000-0002-3172-7101","0000-0002-9505-7784","OK",,"OK - no known exceptions"
"a7b784ca-2026-4244-bcb0-b7e420fb3384","NIWO_027.basePlot.div","D13","NIWO",40.054439,-105.575608,"WGS84",20.10,3480.8,0.1,"distributed","grasslandHerbaceous","NIWO_027","32.4.1","2021-06-29",1,"NIWO_027.1.2021","NEON.DOC.014042vL","plantSpecies","Y","Y","POAR2","Poa arctica R. Br.","species","Poaceae","N",,,,,,,0.50,"N",,,"0000-0002-3172-7101","0000-0002-9505-7784","OK",,"OK - no known exceptions"
"7bd06cb7-8951-4516-8616-0a0f9729e298","NIWO_027.basePlot.div","D13","NIWO",40.054439,-105.575608,"WGS84",20.10,3480.8,0.1,"distributed","grasslandHerbaceous","NIWO_027","41.4.1","2021-06-29",1,"NIWO_027.1.2021","NEON.DOC.014042vL","plantSpecies","Y","Y","CARO2","Campanula rotundifolia L.","species","Campanulaceae","N",,,,,,,0.50,"N",,,"0000-0002-3172-7101","0000-0001-5102-1299","OK",,"OK - no known exceptions"
"e4f699e5-35a9-4140-a3e3-b2e916ddf592","NIWO_027.basePlot.div","D13","NIWO",40.054439,-105.575608,"WGS84",20.10,3480.8,0.1,"distributed","grasslandHerbaceous","NIWO_027","32.4.1","2021-06-29",1,"NIWO_027.1.2021","NEON.DOC.014042vL","plantSpecies","Y","Y","TEACC","Tetraneuris acaulis (Pursh) Greene var. caespitosa A. Nelson","variety","Asteraceae","N",,,,,,,1.00,"N",,,"0000-0002-3172-7101","0000-0002-9505-7784","OK",,"OK - no known exceptions"
"0772c94a-54f9-4d01-b3e3-6e2ab872f4c4","NIWO_027.basePlot.div","D13","NIWO",40.054439,-105.575608,"WGS84",20.10,3480.8,0.1,"distributed","grasslandHerbaceous","NIWO_027","40.1.1","2021-06-29",1,"NIWO_027.1.2021","NEON.DOC.014042vL","plantSpecies","Y","Y","TOPY","Tonestus pygmaeus (Torr. & A. Gray) A. Nelson","species","Asteraceae","N",,,,,,,0.50,"N",,,"0000-0002-3172-7101","0000-0002-9821-3869","OK",,"OK - no known exceptions"
"6e3a7597-f220-4bc3-9184-942d583e7eee","NIWO_027.basePlot.div","D13","NIWO",40.054439,-105.575608,"WGS84",20.10,3480.8,0.1,"distributed","grasslandHerbaceous","NIWO_027","41.4.1","2021-06-29",1,"NIWO_027.1.2021","NEON.DOC.014042vL","plantSpecies","Y","Y","CAPU","Calamagrostis purpurascens R. Br.","species","Poaceae","N",,,,,,,2.00,"N",,,"0000-0002-3172-7101","0000-0001-5102-1299","OK",,"OK - no known exceptions"
"59f8bd9e-87ca-4111-907d-10d4c1da859a","NIWO_027.basePlot.div","D13","NIWO",40.054439,-105.575608,"WGS84",20.10,3480.8,0.1,"distributed","grasslandHerbaceous","NIWO_027","41.4.1","2021-06-29",1,"NIWO_027.1.2021","NEON.DOC.014042vL","otherVariables","Y","Y",,,,,,,,,,,"litter",5.00,,,,"0000-0002-3172-7101","0000-0001-5102-1299","OK",,"OK - no known exceptions"
"ba1945f5-2e58-4794-ac2d-c890bc0cb652","NIWO_027.basePlot.div","D13","NIWO",40.054439,-105.575608,"WGS84",20.10,3480.8,0.1,"distributed","grasslandHerbaceous","NIWO_027","40.3.1","2021-06-29",1,"NIWO_027.1.2021","NEON.DOC.014042vL","otherVariables","Y","Y",,,,,,,,,,,"moss",0.50,,,,"0000-0002-3172-7101","0000-0002-9821-3869","OK",,"OK - no known exceptions"
"53cc6d1d-926a-40de-94e4-5d6ac9f2fcea","NIWO_027.basePlot.div","D13","NIWO",40.054439,-105.575608,"WGS84",20.10,3480.8,0.1,"distributed","grasslandHerbaceous","NIWO_027","40.3.1","2021-06-29",1,"NIWO_027.1.2021","NEON.DOC.014042vL","plantSpecies","Y","Y","SOSI3","Solidago simplex Kunth","species","Asteraceae","N",,,,,,,3.00,"N",,,"0000-0002-3172-7101","0000-0002-9821-3869","OK",,"OK - no known exceptions"
"6160af5d-9787-427c-85ee-65323013a500","NIWO_027.basePlot.div","D13","NIWO",40.054439,-105.575608,"WGS84",20.10,3480.8,0.1,"distributed","grasslandHerbaceous","NIWO_027","32.2.1","2021-06-29",1,"NIWO_027.1.2021","NEON.DOC.014042vL","plantSpecies","Y","Y","PRAN","Primula angustifolia Torr.","species","Primulaceae","N",,,,,,,0.50,"N",,,"0000-0002-3172-7101","0000-0002-9505-7784","OK",,"OK - no known exceptions"
"6d03eb13-dc29-4b34-a9db-cfaa448fb21f","NIWO_027.basePlot.div","D13","NIWO",40.054439,-105.575608,"WGS84",20.10,3480.8,0.1,"distributed","grasslandHerbaceous","NIWO_027","40.3.1","2021-06-29",1,"NIWO_027.1.2021","NEON.DOC.014042vL","otherVariables","Y","Y",,,,,,,,,,,"standingDeadHerbaceous",24.00,,,,"0000-0002-3172-7101","0000-0002-9821-3869","OK",,"OK - no known exceptions"
"69ae32bf-426b-48c7-bf81-fadb16c80932","NIWO_027.basePlot.div","D13","NIWO",40.054439,-105.575608,"WGS84",20.10,3480.8,0.1,"distributed","grasslandHerbaceous","NIWO_027","31.1.1","2021-06-29",1,"NIWO_027.1.2021","NEON.DOC.014042vL","plantSpecies","Y","Y","DROCH","Dryas octopetala L. ssp. hookeriana (Juz.) Hultén","subspecies","Rosaceae","N",,,,,,,23.00,"N",,,"0000-0002-3172-7101","0000-0001-5212-0969","OK",,"OK - no known exceptions"
"d5a9be5d-7d67-42a1-8559-bcc68824a55c","NIWO_027.basePlot.div","D13","NIWO",40.054439,-105.575608,"WGS84",20.10,3480.8,0.1,"distributed","grasslandHerbaceous","NIWO_027","40.1.1","2021-06-29",1,"NIWO_027.1.2021","NEON.DOC.014042vL","otherVariables","Y","Y",,,,,,,,,,,"moss",0.50,,,,"0000-0002-3172-7101","0000-0002-9821-3869","OK",,"OK - no known exceptions"
"b86215ca-618f-401a-afb0-4ab306110e48","NIWO_027.basePlot.div","D13","NIWO",40.054439,-105.575608,"WGS84",20.10,3480.8,0.1,"distributed","grasslandHerbaceous","NIWO_027","41.4.1","2021-06-29",1,"NIWO_027.1.2021","NEON.DOC.014042vL","otherVariables","Y","Y",,,,,,,,,,,"standingDeadHerbaceous",32.00,,,,"0000-0002-3172-7101","0000-0001-5102-1299","OK",,"OK - no known exceptions"
"71f0cfa3-c66d-48cd-bca9-12fd6c4f5a2b","NIWO_027.basePlot.div","D13","NIWO",40.054439,-105.575608,"WGS84",20.10,3480.8,0.1,"distributed","grasslandHerbaceous","NIWO_027","31.1.1","2021-06-29",1,"NIWO_027.1.2021","NEON.DOC.014042vL","otherVariables","Y","Y",,,,,,,,,,,"rock",8.00,,,,"0000-0002-3172-7101","0000-0001-5212-0969","OK",,"OK - no known exceptions"
"793266f7-8cba-42f9-aec5-58e9b7c95ba1","NIWO_027.basePlot.div","D13","NIWO",40.054439,-105.575608,"WGS84",20.10,3480.8,0.1,"distributed","grasslandHerbaceous","NIWO_027","41.4.1","2021-06-29",1,"NIWO_027.1.2021","NEON.DOC.014042vL","otherVariables","Y","Y",,,,,,,,,,,"soil",7.00,,,,"0000-0002-3172-7101","0000-0001-5102-1299","OK",,"OK - no known exceptions"
"312df437-ffaa-4507-aff0-f9cea25cb888","NIWO_027.basePlot.div","D13","NIWO",40.054439,-105.575608,"WGS84",20.10,3480.8,0.1,"distributed","grasslandHerbaceous","NIWO_027","31.1.1","2021-06-29",1,"NIWO_027.1.2021","NEON.DOC.014042vL","otherVariables","Y","Y",,,,,,,,,,,"litter",0.50,,,,"0000-0002-3172-7101","0000-0001-5212-0969","OK",,"OK - no known exceptions"
"939d966b-6a35-4ff3-aacd-06dcb8f9e7e1","NIWO_027.basePlot.div","D13","NIWO",40.054439,-105.575608,"WGS84",20.10,3480.8,0.1,"distributed","grasslandHerbaceous","NIWO_027","32.4.1","2021-06-29",1,"NIWO_027.1.2021","NEON.DOC.014042vL","plantSpecies","Y","Y","SARH2","Saxifraga rhomboidea Greene","species","Saxifragaceae","N",,,,,,,0.50,"N",,,"0000-0002-3172-7101","0000-0002-9505-7784","OK",,"OK - no known exceptions"
"691c094e-6695-437a-b73f-da9df53aa529","NIWO_027.basePlot.div","D13","NIWO",40.054439,-105.575608,"WGS84",20.10,3480.8,0.1,"distributed","grasslandHerbaceous","NIWO_027","32.4.1","2021-06-29",1,"NIWO_027.1.2021","NEON.DOC.014042vL","plantSpecies","Y","Y","FEBR","Festuca brachyphylla Schult. ex Schult. & Schult. f.","species","Poaceae","N",,,,,,,1.00,"N",,,"0000-0002-3172-7101","0000-0002-9505-7784","OK",,"OK - no known exceptions"
"772a3443-9445-413f-bbb1-9faee3e1ecfb","NIWO_027.basePlot.div","D13","NIWO",40.054439,-105.575608,"WGS84",20.10,3480.8,0.1,"distributed","grasslandHerbaceous","NIWO_027","31.1.1","2021-06-29",1,"NIWO_027.1.2021","NEON.DOC.014042vL","plantSpecies","Y","Y","MIOB2","Minuartia obtusiloba (Rydb.) House","species","Caryophyllaceae","N",,,,,,,2.00,"N",,,"0000-0002-3172-7101","0000-0001-5212-0969","OK",,"OK - no known exceptions"
"b13724b8-bb83-49e9-89c2-dab40e8d99d2","NIWO_027.basePlot.div","D13","NIWO",40.054439,-105.575608,"WGS84",20.10,3480.8,0.1,"distributed","grasslandHerbaceous","NIWO_027","40.1.1","2021-06-29",1,"NIWO_027.1.2021","NEON.DOC.014042vL","plantSpecies","Y","Y","CAPU","Calamagrostis purpurascens R. Br.","species","Poaceae","N",,,,,,,0.50,"N",,,"0000-0002-3172-7101","0000-0002-9821-3869","OK",,"OK - no known exceptions"
"bce402e6-f800-41d4-b2cc-e453b616200f","NIWO_027.basePlot.div","D13","NIWO",40.054439,-105.575608,"WGS84",20.10,3480.8,0.1,"distributed","grasslandHerbaceous","NIWO_027","41.4.1","2021-06-29",1,"NIWO_027.1.2021","NEON.DOC.014042vL","plantSpecies","Y","Y","TEACC","Tetraneuris acaulis (Pursh) Greene var. caespitosa A. Nelson","variety","Asteraceae","N",,,,,,,0.50,"N",,,"0000-0002-3172-7101","0000-0001-5102-1299","OK",,"OK - no known exceptions"
"8e3e8438-7975-4d20-a91a-225351ab18ea","NIWO_027.basePlot.div","D13","NIWO",40.054439,-105.575608,"WGS84",20.10,3480.8,0.1,"distributed","grasslandHerbaceous","NIWO_027","32.4.1","2021-06-29",1,"NIWO_027.1.2021","NEON.DOC.014042vL","plantSpecies","Y","Y","SAFLC","Saxifraga flagellaris Willd. ex Sternb. ssp. crandallii (Gandog.) Hultén","subspecies","Saxifragaceae","N",,,,,,,0.50,"N",,,"0000-0002-3172-7101","0000-0002-9505-7784","OK",,"OK - no known exceptions"
"9b4a3f25-884b-4729-b300-4296f32f1c3b","NIWO_027.basePlot.div","D13","NIWO",40.054439,-105.575608,"WGS84",20.10,3480.8,0.1,"distributed","grasslandHerbaceous","NIWO_027","32.4.1","2021-06-29",1,"NIWO_027.1.2021","NEON.DOC.014042vL","otherVariables","Y","Y",,,,,,,,,,,"wood",0.50,,,,"0000-0002-3172-7101","0000-0002-9505-7784","OK",,"OK - no known exceptions"
"bdbbd57d-e35a-4679-b391-d676f8e9958c","NIWO_027.basePlot.div","D13","NIWO",40.054439,-105.575608,"WGS84",20.10,3480.8,0.1,"distributed","grasslandHerbaceous","NIWO_027","32.4.1","2021-06-29",1,"NIWO_027.1.2021","NEON.DOC.014042vL","otherVariables","Y","Y",,,,,,,,,,,"moss",0.50,,,,"0000-0002-3172-7101","0000-0002-9505-7784","OK",,"OK - no known exceptions"
"ea127b49-9da5-4f18-9130-f49a0d8758f9","NIWO_027.basePlot.div","D13","NIWO",40.054439,-105.575608,"WGS84",20.10,3480.8,0.1,"distributed","grasslandHerbaceous","NIWO_027","40.3.1","2021-06-29",1,"NIWO_027.1.2021","NEON.DOC.014042vL","plantSpecies","Y","Y","GEROT","Geum rossii (R. Br.) Ser. var. turbinatum (Rydb.) C.L. Hitchc.","variety","Rosaceae","N",,,,,,,0.50,"N",,,"0000-0002-3172-7101","0000-0002-9821-3869","OK",,"OK - no known exceptions"
"7122ae1f-1e1b-4c6d-b4ce-d906c2f01746","NIWO_027.basePlot.div","D13","NIWO",40.054439,-105.575608,"WGS84",20.10,3480.8,0.1,"distributed","grasslandHerbaceous","NIWO_027","32.4.1","2021-06-29",1,"NIWO_027.1.2021","NEON.DOC.014042vL","plantSpecies","Y","Y","DRST4","Draba streptocarpa A. Gray","species","Brassicaceae","N",,,,,,,0.50,"N",,,"0000-0002-3172-7101","0000-0002-9505-7784","OK",,"OK - no known exceptions"
"b8c479a9-5a8d-409b-99b9-4c3c35afc50f","NIWO_027.basePlot.div","D13","NIWO",40.054439,-105.575608,"WGS84",20.10,3480.8,0.1,"distributed","grasslandHerbaceous","NIWO_027","32.2.1","2021-06-29",1,"NIWO_027.1.2021","NEON.DOC.014042vL","plantSpecies","Y","Y","SIACS2","Silene acaulis (L.) Jacq. var. subacaulescens (F.N. Williams) Fernald & H. St. John","variety","Caryophyllaceae","N",,,,,,,1.00,"N",,,"0000-0002-3172-7101","0000-0002-9505-7784","OK",,"OK - no known exceptions"
"46482f31-31db-4e4f-86a0-bad20cf4032c","NIWO_027.basePlot.div","D13","NIWO",40.054439,-105.575608,"WGS84",20.10,3480.8,0.1,"distributed","grasslandHerbaceous","NIWO_027","32.2.1","2021-06-29",1,"NIWO_027.1.2021","NEON.DOC.014042vL","plantSpecies","Y","Y","DRST4","Draba streptocarpa A. Gray","species","Brassicaceae","N","cf. species",,,,,,0.50,"N",,,"0000-0002-3172-7101","0000-0002-9505-7784","OK",,"OK - no known exceptions"
"0c97a93f-3422-4660-9204-af3a5df03d05","NIWO_027.basePlot.div","D13","NIWO",40.054439,-105.575608,"WGS84",20.10,3480.8,0.1,"distributed","grasslandHerbaceous","NIWO_027","40.3.1","2021-06-29",1,"NIWO_027.1.2021","NEON.DOC.014042vL","plantSpecies","Y","Y","CARUD","Carex rupestris All. var. drummondiana (Dewey) L.H. Bailey","variety","Cyperaceae","N",,,,,,,1.00,"N",,,"0000-0002-3172-7101","0000-0002-9821-3869","OK",,"OK - no known exceptions"
"218d0c1b-2ad2-4d11-b59a-94bcaaf68a91","NIWO_027.basePlot.div","D13","NIWO",40.054439,-105.575608,"WGS84",20.10,3480.8,0.1,"distributed","grasslandHerbaceous","NIWO_027","41.4.1","2021-06-29",1,"NIWO_027.1.2021","NEON.DOC.014042vL","otherVariables","Y","Y",,,,,,,,,,,"lichen",11.00,,,,"0000-0002-3172-7101","0000-0001-5102-1299","OK",,"OK - no known exceptions"
"3e7a9d3c-4b7e-48cf-9ad5-0835e12fa765","NIWO_027.basePlot.div","D13","NIWO",40.054439,-105.575608,"WGS84",20.10,3480.8,0.1,"distributed","grasslandHerbaceous","NIWO_027","31.1.1","2021-06-29",1,"NIWO_027.1.2021","NEON.DOC.014042vL","plantSpecies","Y","Y","ERNAE","Eritrichium nanum (Vill.) Schrad. ex Gaudin var. elongatum (Rydb.) Cronquist","variety","Boraginaceae","N",,,,,,,0.50,"N",,,"0000-0002-3172-7101","0000-0001-5212-0969","OK",,"OK - no known exceptions"
"b9b099c4-785a-4c7c-8ca8-cd19ca78aebe","NIWO_027.basePlot.div","D13","NIWO",40.054439,-105.575608,"WGS84",20.10,3480.8,0.1,"distributed","grasslandHerbaceous","NIWO_027","32.2.1","2021-06-29",1,"NIWO_027.1.2021","NEON.DOC.014042vL","plantSpecies","Y","Y","ERPI6","Erigeron pinnatisectus (A. Gray) A. Nelson","species","Asteraceae","N",,,,,,,0.50,"N",,,"0000-0002-3172-7101","0000-0002-9505-7784","OK",,"OK - no known exceptions"
"e120e285-c5be-4cfa-92f9-a4c9a00bba35","NIWO_027.basePlot.div","D13","NIWO",40.054439,-105.575608,"WGS84",20.10,3480.8,0.1,"distributed","grasslandHerbaceous","NIWO_027","32.4.1","2021-06-29",1,"NIWO_027.1.2021","NEON.DOC.014042vL","otherVariables","Y","Y",,,,,,,,,,,"standingDeadHerbaceous",21.00,,,,"0000-0002-3172-7101","0000-0002-9505-7784","OK",,"OK - no known exceptions"
"0bbf7d4a-dc74-42a8-8c71-6eeebcdfec62","NIWO_027.basePlot.div","D13","NIWO",40.054439,-105.575608,"WGS84",20.10,3480.8,0.1,"distributed","grasslandHerbaceous","NIWO_027","40.3.1","2021-06-29",1,"NIWO_027.1.2021","NEON.DOC.014042vL","plantSpecies","Y","Y","CARO2","Campanula rotundifolia L.","species","Campanulaceae","N",,,,,,,0.50,"N",,,"0000-0002-3172-7101","0000-0002-9821-3869","OK",,"OK - no known exceptions"
"1881525b-573d-41a7-8d22-a36eb324456c","NIWO_027.basePlot.div","D13","NIWO",40.054439,-105.575608,"WGS84",20.10,3480.8,0.1,"distributed","grasslandHerbaceous","NIWO_027","31.1.1","2021-06-29",1,"NIWO_027.1.2021","NEON.DOC.014042vL","plantSpecies","Y","Y","LYAN2","Lycopodium annotinum L.","species","Lycopodiaceae","N",,,,,,,0.50,"N",,,"0000-0002-3172-7101","0000-0001-5212-0969","OK",,"OK - no known exceptions"
"f9a1464b-1458-4ae2-a0fb-e7db0e52ea7b","NIWO_027.basePlot.div","D13","NIWO",40.054439,-105.575608,"WGS84",20.10,3480.8,0.1,"distributed","grasslandHerbaceous","NIWO_027","31.1.1","2021-06-29",1,"NIWO_027.1.2021","NEON.DOC.014042vL","plantSpecies","Y","Y","TOPY","Tonestus pygmaeus (Torr. & A. Gray) A. Nelson","species","Asteraceae","N",,,,,,,0.50,"N",,,"0000-0002-3172-7101","0000-0001-5212-0969","OK",,"OK - no known exceptions"
"a133a222-40e2-462c-ab01-61f4a374ae29","NIWO_027.basePlot.div","D13","NIWO",40.054439,-105.575608,"WGS84",20.10,3480.8,0.1,"distributed","grasslandHerbaceous","NIWO_027","41.4.1","2021-06-29",1,"NIWO_027.1.2021","NEON.DOC.014042vL","plantSpecies","Y","Y","SARH2","Saxifraga rhomboidea Greene","species","Saxifragaceae","N",,,,,,,0.50,"N",,,"0000-0002-3172-7101","0000-0001-5102-1299","OK",,"OK - no known exceptions"
"9d72d791-eaa2-47f9-83cf-f135cee13d86","NIWO_027.basePlot.div","D13","NIWO",40.054439,-105.575608,"WGS84",20.10,3480.8,0.1,"distributed","grasslandHerbaceous","NIWO_027","41.4.1","2021-06-29",1,"NIWO_027.1.2021","NEON.DOC.014042vL","otherVariables","Y","Y",,,,,,,,,,,"wood",0.50,,,,"0000-0002-3172-7101","0000-0001-5102-1299","OK",,"OK - no known exceptions"
"71503684-d70e-4cfb-a698-44128653ea43","NIWO_027.basePlot.div","D13","NIWO",40.054439,-105.575608,"WGS84",20.10,3480.8,0.1,"distributed","grasslandHerbaceous","NIWO_027","40.1.1","2021-06-29",1,"NIWO_027.1.2021","NEON.DOC.014042vL","otherVariables","Y","Y",,,,,,,,,,,"rock",5.00,,,,"0000-0002-3172-7101","0000-0002-9821-3869","OK",,"OK - no known exceptions"
"258050b0-ca49-4bf4-84c3-38e1f19a7f0f","NIWO_027.basePlot.div","D13","NIWO",40.054439,-105.575608,"WGS84",20.10,3480.8,0.1,"distributed","grasslandHerbaceous","NIWO_027","41.4.1","2021-06-29",1,"NIWO_027.1.2021","NEON.DOC.014042vL","otherVariables","Y","Y",,,,,,,,,,,"rock",2.00,,,,"0000-0002-3172-7101","0000-0001-5102-1299","OK",,"OK - no known exceptions"
"1562c859-6be9-4eab-9968-0ab9da99d801","NIWO_027.basePlot.div","D13","NIWO",40.054439,-105.575608,"WGS84",20.10,3480.8,0.1,"distributed","grasslandHerbaceous","NIWO_027","40.1.1","2021-06-29",1,"NIWO_027.1.2021","NEON.DOC.014042vL","otherVariables","Y","Y",,,,,,,,,,,"wood",0.50,,,,"0000-0002-3172-7101","0000-0002-9821-3869","OK",,"OK - no known exceptions"
"d9e88a4c-cdfc-4874-bade-576438d8b7cf","NIWO_027.basePlot.div","D13","NIWO",40.054439,-105.575608,"WGS84",20.10,3480.8,0.1,"distributed","grasslandHerbaceous","NIWO_027","31.1.1","2021-06-29",1,"NIWO_027.1.2021","NEON.DOC.014042vL","plantSpecies","Y","Y","DRST4","Draba streptocarpa A. Gray","species","Brassicaceae","N",,,,,,,0.50,"N",,,"0000-0002-3172-7101","0000-0001-5212-0969","OK",,"OK - no known exceptions"
"236b2140-3e08-495e-b9eb-95a5e1f22c33","NIWO_027.basePlot.div","D13","NIWO",40.054439,-105.575608,"WGS84",20.10,3480.8,0.1,"distributed","grasslandHerbaceous","NIWO_027","40.3.1","2021-06-29",1,"NIWO_027.1.2021","NEON.DOC.014042vL","plantSpecies","Y","Y","ARFEF3","Arenaria fendleri A. Gray var. fendleri","variety","Caryophyllaceae","N",,,,,,,0.50,"N",,,"0000-0002-3172-7101","0000-0002-9821-3869","OK",,"OK - no known exceptions"
"6c6d27af-164c-494b-879c-59780a2d2552","NIWO_027.basePlot.div","D13","NIWO",40.054439,-105.575608,"WGS84",20.10,3480.8,0.1,"distributed","grasslandHerbaceous","NIWO_027","41.4.1","2021-06-29",1,"NIWO_027.1.2021","NEON.DOC.014042vL","plantSpecies","Y","Y","POLYG4","Polygonum sp.","genus","Polygonaceae","UNK",,,,,,,0.50,"N",,,"0000-0002-3172-7101","0000-0001-5102-1299","OK",,"OK - no known exceptions"
"1f06c96d-919d-4621-a8e2-5a9670e3569b","NIWO_027.basePlot.div","D13","NIWO",40.054439,-105.575608,"WGS84",20.10,3480.8,0.1,"distributed","grasslandHerbaceous","NIWO_027","32.4.1","2021-06-29",1,"NIWO_027.1.2021","NEON.DOC.014042vL","plantSpecies","Y","Y","DROCH","Dryas octopetala L. ssp. hookeriana (Juz.) Hultén","subspecies","Rosaceae","N",,,,,,,25.00,"N",,,"0000-0002-3172-7101","0000-0002-9505-7784","OK",,"OK - no known exceptions"
"b5421cf0-02c1-46f5-98bd-cfea93c760eb","NIWO_027.basePlot.div","D13","NIWO",40.054439,-105.575608,"WGS84",20.10,3480.8,0.1,"distributed","grasslandHerbaceous","NIWO_027","41.4.1","2021-06-29",1,"NIWO_027.1.2021","NEON.DOC.014042vL","otherVariables","Y","Y",,,,,,,,,,,"moss",0.50,,,,"0000-0002-3172-7101","0000-0001-5102-1299","OK",,"OK - no known exceptions"
"9d92d070-3c4e-4d92-bb5d-9b9a1c935924","NIWO_027.basePlot.div","D13","NIWO",40.054439,-105.575608,"WGS84",20.10,3480.8,0.1,"distributed","grasslandHerbaceous","NIWO_027","41.4.1","2021-06-29",1,"NIWO_027.1.2021","NEON.DOC.014042vL","plantSpecies","Y","Y","LLSE","Lloydia serotina (L.) Salisb. ex Rchb.","species","Liliaceae","N",,,,,,,1.00,"N",,,"0000-0002-3172-7101","0000-0001-5102-1299","OK",,"OK - no known exceptions"
"272b24b8-028e-46e2-8980-8886d752089b","NIWO_027.basePlot.div","D13","NIWO",40.054439,-105.575608,"WGS84",20.10,3480.8,0.1,"distributed","grasslandHerbaceous","NIWO_027","31.1.1","2021-06-29",1,"NIWO_027.1.2021","NEON.DOC.014042vL","plantSpecies","Y","Y","ARFEF3","Arenaria fendleri A. Gray var. fendleri","variety","Caryophyllaceae","N",,,,,,,1.00,"N",,,"0000-0002-3172-7101","0000-0001-5212-0969","OK",,"OK - no known exceptions"
"da90c420-8ddd-46b0-84dd-87ea10d34223","NIWO_027.basePlot.div","D13","NIWO",40.054439,-105.575608,"WGS84",20.10,3480.8,0.1,"distributed","grasslandHerbaceous","NIWO_027","32.2.1","2021-06-29",1,"NIWO_027.1.2021","NEON.DOC.014042vL","plantSpecies","Y","Y","CARUD","Carex rupestris All. var. drummondiana (Dewey) L.H. Bailey","variety","Cyperaceae","N",,,,,,,7.00,"N",,,"0000-0002-3172-7101","0000-0002-9505-7784","OK",,"OK - no known exceptions"
"698cb89f-f11f-4752-ba47-151de2944370","NIWO_027.basePlot.div","D13","NIWO",40.054439,-105.575608,"WGS84",20.10,3480.8,0.1,"distributed","grasslandHerbaceous","NIWO_027","32.4.1","2021-06-29",1,"NIWO_027.1.2021","NEON.DOC.014042vL","plantSpecies","Y","Y","CARUD","Carex rupestris All. var. drummondiana (Dewey) L.H. Bailey","variety","Cyperaceae","N",,,,,,,0.50,"N",,,"0000-0002-3172-7101","0000-0002-9505-7784","OK",,"OK - no known exceptions"
"61ec2063-6490-42be-bdfc-783436ff1a2c","NIWO_027.basePlot.div","D13","NIWO",40.054439,-105.575608,"WGS84",20.10,3480.8,0.1,"distributed","grasslandHerbaceous","NIWO_027","32.4.1","2021-06-29",1,"NIWO_027.1.2021","NEON.DOC.014042vL","plantSpecies","Y","Y","PAPU2","Paronychia pulvinata A. Gray","species","Caryophyllaceae","N",,,,,,,0.50,"N",,,"0000-0002-3172-7101","0000-0002-9505-7784","OK",,"OK - no known exceptions"
"d26d6ce6-6895-47aa-a7fd-c35a11859ce1","NIWO_027.basePlot.div","D13","NIWO",40.054439,-105.575608,"WGS84",20.10,3480.8,0.1,"distributed","grasslandHerbaceous","NIWO_027","40.3.1","2021-06-29",1,"NIWO_027.1.2021","NEON.DOC.014042vL","plantSpecies","Y","Y","FEBR","Festuca brachyphylla Schult. ex Schult. & Schult. f.","species","Poaceae","N",,,,,,,0.50,"N",,,"0000-0002-3172-7101","0000-0002-9821-3869","OK",,"OK - no known exceptions"
"0e4e8bf1-c5e6-4e63-8518-ca1b9a224615","NIWO_027.basePlot.div","D13","NIWO",40.054439,-105.575608,"WGS84",20.10,3480.8,0.1,"distributed","grasslandHerbaceous","NIWO_027","31.1.1","2021-06-29",1,"NIWO_027.1.2021","NEON.DOC.014042vL","plantSpecies","Y","Y","DRST4","Draba streptocarpa A. Gray","species","Brassicaceae","N","cf. species",,,,,,0.50,"N",,,"0000-0002-3172-7101","0000-0001-5212-0969","OK",,"OK - no known exceptions"
"7c6288ce-eb80-400f-8ccc-a1df7ead5a3b","NIWO_027.basePlot.div","D13","NIWO",40.054439,-105.575608,"WGS84",20.10,3480.8,0.1,"distributed","grasslandHerbaceous","NIWO_027","32.2.1","2021-06-29",1,"NIWO_027.1.2021","NEON.DOC.014042vL","plantSpecies","Y","Y","LLSE","Lloydia serotina (L.) Salisb. ex Rchb.","species","Liliaceae","N",,,,,,,0.50,"N",,,"0000-0002-3172-7101","0000-0002-9505-7784","OK",,"OK - no known exceptions"
"85f3f61a-8771-4d08-ae91-da3fdca08186","NIWO_027.basePlot.div","D13","NIWO",40.054439,-105.575608,"WGS84",20.10,3480.8,0.1,"distributed","grasslandHerbaceous","NIWO_027","41.4.1","2021-06-29",1,"NIWO_027.1.2021","NEON.DOC.014042vL","plantSpecies","Y","Y","DROCH","Dryas octopetala L. ssp. hookeriana (Juz.) Hultén","subspecies","Rosaceae","N",,,,,,,24.00,"N",,,"0000-0002-3172-7101","0000-0001-5102-1299","OK",,"OK - no known exceptions"
"589da860-7328-443d-8215-0a594f0d9a68","NIWO_027.basePlot.div","D13","NIWO",40.054439,-105.575608,"WGS84",20.10,3480.8,0.1,"distributed","grasslandHerbaceous","NIWO_027","32.4.1","2021-06-29",1,"NIWO_027.1.2021","NEON.DOC.014042vL","plantSpecies","Y","Y","SEDE2","Selaginella densa Rydb.","species","Selaginellaceae","N",,,,,,,4.00,"N",,,"0000-0002-3172-7101","0000-0002-9505-7784","OK",,"OK - no known exceptions"
"c0ec960d-7b80-4991-8119-2c136665d4a9","NIWO_027.basePlot.div","D13","NIWO",40.054439,-105.575608,"WGS84",20.10,3480.8,0.1,"distributed","grasslandHerbaceous","NIWO_027","40.1.1","2021-06-29",1,"NIWO_027.1.2021","NEON.DOC.014042vL","plantSpecies","Y","Y","DROCH","Dryas octopetala L. ssp. hookeriana (Juz.) Hultén","subspecies","Rosaceae","N",,,,,,,12.00,"N",,,"0000-0002-3172-7101","0000-0002-9821-3869","OK",,"OK - no known exceptions"
"5b09c224-fc17-4752-8748-0cdf366e8f34","NIWO_027.basePlot.div","D13","NIWO",40.054439,-105.575608,"WGS84",20.10,3480.8,0.1,"distributed","grasslandHerbaceous","NIWO_027","40.3.1","2021-06-29",1,"NIWO_027.1.2021","NEON.DOC.014042vL","otherVariables","Y","Y",,,,,,,,,,,"lichen",42.00,,,,"0000-0002-3172-7101","0000-0002-9821-3869","OK",,"OK - no known exceptions"
"99f1a03c-74f4-44f5-bf61-646d5a1eee3d","NIWO_027.basePlot.div","D13","NIWO",40.054439,-105.575608,"WGS84",20.10,3480.8,0.1,"distributed","grasslandHerbaceous","NIWO_027","32.4.1","2021-06-29",1,"NIWO_027.1.2021","NEON.DOC.014042vL","otherVariables","Y","Y",,,,,,,,,,,"lichen",9.00,,,,"0000-0002-3172-7101","0000-0002-9505-7784","OK",,"OK - no known exceptions"
"d8a9efa4-5f2b-4530-8e34-50dca7f430f0","NIWO_027.basePlot.div","D13","NIWO",40.054439,-105.575608,"WGS84",20.10,3480.8,0.1,"distributed","grasslandHerbaceous","NIWO_027","40.3.1","2021-06-29",1,"NIWO_027.1.2021","NEON.DOC.014042vL","otherVariables","Y","Y",,,,,,,,,,,"standingDeadWoody",0.50,,,,"0000-0002-3172-7101","0000-0002-9821-3869","OK",,"OK - no known exceptions"
"4044a9a0-4799-41e4-95b1-c74650ff3510","NIWO_027.basePlot.div","D13","NIWO",40.054439,-105.575608,"WGS84",20.10,3480.8,0.1,"distributed","grasslandHerbaceous","NIWO_027","32.4.1","2021-06-29",1,"NIWO_027.1.2021","NEON.DOC.014042vL","otherVariables","Y","Y",,,,,,,,,,,"litter",5.00,,,,"0000-0002-3172-7101","0000-0002-9505-7784","OK",,"OK - no known exceptions"
"e639248a-e0dc-4e38-8984-89f4a35f7c85","NIWO_027.basePlot.div","D13","NIWO",40.054439,-105.575608,"WGS84",20.10,3480.8,0.1,"distributed","grasslandHerbaceous","NIWO_027","31.1.1","2021-06-29",1,"NIWO_027.1.2021","NEON.DOC.014042vL","plantSpecies","Y","Y","CARUD","Carex rupestris All. var. drummondiana (Dewey) L.H. Bailey","variety","Cyperaceae","N",,,,,,,4.00,"N",,,"0000-0002-3172-7101","0000-0001-5212-0969","OK",,"OK - no known exceptions"
"65e4b610-70fd-43c3-a28c-8c96019cb1ed","NIWO_027.basePlot.div","D13","NIWO",40.054439,-105.575608,"WGS84",20.10,3480.8,0.1,"distributed","grasslandHerbaceous","NIWO_027","40.3.1","2021-06-29",1,"NIWO_027.1.2021","NEON.DOC.014042vL","plantSpecies","Y","Y","DROCH","Dryas octopetala L. ssp. hookeriana (Juz.) Hultén","subspecies","Rosaceae","N",,,,,,,3.00,"N",,,"0000-0002-3172-7101","0000-0002-9821-3869","OK",,"OK - no known exceptions"
"a2581825-c0f3-4c7f-9a4c-3fc276a0d97f","NIWO_027.basePlot.div","D13","NIWO",40.054439,-105.575608,"WGS84",20.10,3480.8,0.1,"distributed","grasslandHerbaceous","NIWO_027","40.3.1","2021-06-29",1,"NIWO_027.1.2021","NEON.DOC.014042vL","plantSpecies","Y","Y","SALIX","Salix sp.","genus","Salicaceae","UNK",,,,,,,7.00,"N",,,"0000-0002-3172-7101","0000-0002-9821-3869","OK",,"OK - no known exceptions"
"8a8f08b8-8013-430b-8c7e-966094399957","NIWO_027.basePlot.div","D13","NIWO",40.054439,-105.575608,"WGS84",20.10,3480.8,0.1,"distributed","grasslandHerbaceous","NIWO_027","31.1.1","2021-06-29",1,"NIWO_027.1.2021","NEON.DOC.014042vL","plantSpecies","Y","Y","SEDE2","Selaginella densa Rydb.","species","Selaginellaceae","N",,,,,,,0.50,"N",,,"0000-0002-3172-7101","0000-0001-5212-0969","OK",,"OK - no known exceptions"
"73a45263-7b3f-4912-a5d2-849635cf1977","NIWO_027.basePlot.div","D13","NIWO",40.054439,-105.575608,"WGS84",20.10,3480.8,0.1,"distributed","grasslandHerbaceous","NIWO_027","32.4.1","2021-06-29",1,"NIWO_027.1.2021","NEON.DOC.014042vL","plantSpecies","Y","Y","CASTI2","Castilleja sp.","genus","Scrophulariaceae","N",,,,,,,0.50,"N",,,"0000-0002-3172-7101","0000-0002-9505-7784","OK",,"OK - no known exceptions"
"54e54dc8-b239-443a-b45f-7ffb3fabf54c","NIWO_027.basePlot.div","D13","NIWO",40.054439,-105.575608,"WGS84",20.10,3480.8,0.1,"distributed","grasslandHerbaceous","NIWO_027","41.4.1","2021-06-29",1,"NIWO_027.1.2021","NEON.DOC.014042vL","plantSpecies","Y","Y","ORAL","Oreoxis alpina (A. Gray) J.M. Coult. & Rose","species","Apiaceae","N",,,,,,,0.50,"N",,,"0000-0002-3172-7101","0000-0001-5102-1299","OK",,"OK - no known exceptions"
"f8fad737-fd54-4e96-a4b4-f7f0dbb651a1","NIWO_027.basePlot.div","D13","NIWO",40.054439,-105.575608,"WGS84",20.10,3480.8,0.1,"distributed","grasslandHerbaceous","NIWO_027","32.2.1","2021-06-29",1,"NIWO_027.1.2021","NEON.DOC.014042vL","otherVariables","Y","Y",,,,,,,,,,,"wood",0.50,,,,"0000-0002-3172-7101","0000-0002-9505-7784","OK",,"OK - no known exceptions"
"6d0b7219-7314-4301-b3b7-e3e31a465176","NIWO_027.basePlot.div","D13","NIWO",40.054439,-105.575608,"WGS84",20.10,3480.8,0.1,"distributed","grasslandHerbaceous","NIWO_027","32.2.1","2021-06-29",1,"NIWO_027.1.2021","NEON.DOC.014042vL","plantSpecies","Y","Y","ARFEF3","Arenaria fendleri A. Gray var. fendleri","variety","Caryophyllaceae","N",,,,,,,0.50,"N",,,"0000-0002-3172-7101","0000-0002-9505-7784","OK",,"OK - no known exceptions"
"2ba645fb-8381-4e2b-90bb-2c2ac593be02","NIWO_027.basePlot.div","D13","NIWO",40.054439,-105.575608,"WGS84",20.10,3480.8,0.1,"distributed","grasslandHerbaceous","NIWO_027","40.3.1","2021-06-29",1,"NIWO_027.1.2021","NEON.DOC.014042vL","otherVariables","Y","Y",,,,,,,,,,,"scat",0.50,,,,"0000-0002-3172-7101","0000-0002-9821-3869","OK",,"OK - no known exceptions"
"3fb3746d-4a78-4563-93f3-2b832603d4cc","NIWO_027.basePlot.div","D13","NIWO",40.054439,-105.575608,"WGS84",20.10,3480.8,0.1,"distributed","grasslandHerbaceous","NIWO_027","40.1.1","2021-06-29",1,"NIWO_027.1.2021","NEON.DOC.014042vL","plantSpecies","Y","Y","CASTI2","Castilleja sp.","genus","Scrophulariaceae","N",,,,,,,0.50,"N",,,"0000-0002-3172-7101","0000-0002-9821-3869","OK",,"OK - no known exceptions"
"c4ae2c74-e1ea-476c-b4de-bc087b617e78","NIWO_027.basePlot.div","D13","NIWO",40.054439,-105.575608,"WGS84",20.10,3480.8,0.1,"distributed","grasslandHerbaceous","NIWO_027","32.4.1","2021-06-29",1,"NIWO_027.1.2021","NEON.DOC.014042vL","plantSpecies","Y","Y","PACA15","Packera cana (Hook.) W.A. Weber & Á. Löve","species","Asteraceae","N",,,,,,,1.00,"N",,,"0000-0002-3172-7101","0000-0002-9505-7784","OK",,"OK - no known exceptions"
"1938a8a8-d4b9-4bb0-abb7-89a22c1f9d6b","NIWO_027.basePlot.div","D13","NIWO",40.054439,-105.575608,"WGS84",20.10,3480.8,0.1,"distributed","grasslandHerbaceous","NIWO_027","40.3.1","2021-06-29",1,"NIWO_027.1.2021","NEON.DOC.014042vL","plantSpecies","Y","Y","ARSC","Artemisia scopulorum A. Gray","species","Asteraceae","N",,,,,,,0.50,"N",,,"0000-0002-3172-7101","0000-0002-9821-3869","OK",,"OK - no known exceptions"
"aab37944-3578-4a5c-950f-2bcb099041f1","NIWO_027.basePlot.div","D13","NIWO",40.054439,-105.575608,"WGS84",20.10,3480.8,0.1,"distributed","grasslandHerbaceous","NIWO_027","40.1.1","2021-06-29",1,"NIWO_027.1.2021","NEON.DOC.014042vL","otherVariables","Y","Y",,,,,,,,,,,"soil",2.00,,,,"0000-0002-3172-7101","0000-0002-9821-3869","OK",,"OK - no known exceptions"
"105d8b2d-4d63-4e44-85ab-2be434632029","NIWO_027.basePlot.div","D13","NIWO",40.054439,-105.575608,"WGS84",20.10,3480.8,0.1,"distributed","grasslandHerbaceous","NIWO_027","41.4.1","2021-06-29",1,"NIWO_027.1.2021","NEON.DOC.014042vL","plantSpecies","Y","Y","PHPU5","Phlox pulvinata (Wherry) Cronquist","species","Polemoniaceae","N",,,,,,,0.50,"N",,,"0000-0002-3172-7101","0000-0001-5102-1299","OK",,"OK - no known exceptions"
"647c4a09-a7e8-4002-b932-e381fbc9499f","NIWO_027.basePlot.div","D13","NIWO",40.054439,-105.575608,"WGS84",20.10,3480.8,0.1,"distributed","grasslandHerbaceous","NIWO_027","40.3.1","2021-06-29",1,"NIWO_027.1.2021","NEON.DOC.014042vL","plantSpecies","Y","Y","SELA","Sedum lanceolatum Torr.","species","Crassulaceae","N",,,,,,,1.00,"N",,,"0000-0002-3172-7101","0000-0002-9821-3869","OK",,"OK - no known exceptions"
"1ee7f178-d4ba-4a57-9294-9221bdfe2705","NIWO_027.basePlot.div","D13","NIWO",40.054439,-105.575608,"WGS84",20.10,3480.8,0.1,"distributed","grasslandHerbaceous","NIWO_027","40.1.1","2021-06-29",1,"NIWO_027.1.2021","NEON.DOC.014042vL","plantSpecies","Y","Y","MIOB2","Minuartia obtusiloba (Rydb.) House","species","Caryophyllaceae","N",,,,,,,1.00,"N",,,"0000-0002-3172-7101","0000-0002-9821-3869","OK",,"OK - no known exceptions"
"73542511-f956-49cc-bfba-ddac95e0479c","NIWO_027.basePlot.div","D13","NIWO",40.054439,-105.575608,"WGS84",20.10,3480.8,0.1,"distributed","grasslandHerbaceous","NIWO_027","31.1.1","2021-06-29",1,"NIWO_027.1.2021","NEON.DOC.014042vL","plantSpecies","Y","Y","DRABA","Draba sp.","genus","Brassicaceae","UNK",,,,,,,0.50,"N",,,"0000-0002-3172-7101","0000-0001-5212-0969","OK",,"OK - no known exceptions"
"921000b8-dcb7-4e33-8b28-3f101cd0ae93","NIWO_027.basePlot.div","D13","NIWO",40.054439,-105.575608,"WGS84",20.10,3480.8,0.1,"distributed","grasslandHerbaceous","NIWO_027","40.1.1","2021-06-29",1,"NIWO_027.1.2021","NEON.DOC.014042vL","otherVariables","Y","Y",,,,,,,,,,,"standingDeadHerbaceous",8.00,,,,"0000-0002-3172-7101","0000-0002-9821-3869","OK",,"OK - no known exceptions"
"2e1f4d96-f033-42ac-9039-acec2f2bf5a4","NIWO_027.basePlot.div","D13","NIWO",40.054439,-105.575608,"WGS84",20.10,3480.8,0.1,"distributed","grasslandHerbaceous","NIWO_027","41.4.1","2021-06-29",1,"NIWO_027.1.2021","NEON.DOC.014042vL","plantSpecies","Y","Y","ERCA14","Erysimum capitatum (Douglas ex Hook.) Greene","species","Brassicaceae","N",,,,,,,0.50,"N",,,"0000-0002-3172-7101","0000-0001-5102-1299","OK",,"OK - no known exceptions"
"b195a0fa-3555-4f32-92b4-421cc7cb61bc","NIWO_027.basePlot.div","D13","NIWO",40.054439,-105.575608,"WGS84",20.10,3480.8,0.1,"distributed","grasslandHerbaceous","NIWO_027","41.4.1","2021-06-29",1,"NIWO_027.1.2021","NEON.DOC.014042vL","otherVariables","Y","Y",,,,,,,,,,,"scat",0.50,,,,"0000-0002-3172-7101","0000-0001-5102-1299","OK",,"OK - no known exceptions"
"c91999a5-be32-49d5-ac6d-ba1f4d8e5336","NIWO_027.basePlot.div","D13","NIWO",40.054439,-105.575608,"WGS84",20.10,3480.8,0.1,"distributed","grasslandHerbaceous","NIWO_027","31.1.1","2021-06-29",1,"NIWO_027.1.2021","NEON.DOC.014042vL","plantSpecies","Y","Y","SELA","Sedum lanceolatum Torr.","species","Crassulaceae","N",,,,,,,0.50,"N",,,"0000-0002-3172-7101","0000-0001-5212-0969","OK",,"OK - no known exceptions"
"b814bdc3-c65f-4afc-8fc7-df8cad7678c7","NIWO_027.basePlot.div","D13","NIWO",40.054439,-105.575608,"WGS84",20.10,3480.8,0.1,"distributed","grasslandHerbaceous","NIWO_027","40.3.1","2021-06-29",1,"NIWO_027.1.2021","NEON.DOC.014042vL","plantSpecies","Y","Y","MIOB2","Minuartia obtusiloba (Rydb.) House","species","Caryophyllaceae","N",,,,,,,0.50,"N",,,"0000-0002-3172-7101","0000-0002-9821-3869","OK",,"OK - no known exceptions"
"fd40bf20-f5d7-4a73-b3b8-dc819a1dc654","NIWO_027.basePlot.div","D13","NIWO",40.054439,-105.575608,"WGS84",20.10,3480.8,0.1,"distributed","grasslandHerbaceous","NIWO_027","32.2.1","2021-06-29",1,"NIWO_027.1.2021","NEON.DOC.014042vL","plantSpecies","Y","Y","ORAL","Oreoxis alpina (A. Gray) J.M. Coult. & Rose","species","Apiaceae","N",,,,,,,0.50,"N",,,"0000-0002-3172-7101","0000-0002-9505-7784","OK",,"OK - no known exceptions"
"153dc603-8213-40c8-9a95-eae1a9a7c7f8","NIWO_027.basePlot.div","D13","NIWO",40.054439,-105.575608,"WGS84",20.10,3480.8,0.1,"distributed","grasslandHerbaceous","NIWO_027","40.1.1","2021-06-29",1,"NIWO_027.1.2021","NEON.DOC.014042vL","plantSpecies","Y","Y","SIACS2","Silene acaulis (L.) Jacq. var. subacaulescens (F.N. Williams) Fernald & H. St. John","variety","Caryophyllaceae","N",,,,,,,2.00,"N",,,"0000-0002-3172-7101","0000-0002-9821-3869","OK",,"OK - no known exceptions"
"be997f16-c86c-43ca-aceb-a9fe3bbc70f1","NIWO_004.basePlot.div","D13","NIWO",40.043059,-105.581501,"WGS84",20.10,3312.5,0.1,"distributed","evergreenForest","NIWO_004","41.4.1","2021-06-30",1,"NIWO_004.1.2021","NEON.DOC.014042vL","plantSpecies","Y","Y","VAMY2/VASC","Vaccinium myrtillus/scoparium","speciesGroup","Ericaceae","N",,,,,,,10.00,"N",,,"0000-0002-9445-2184","0000-0001-7448-1116","OK",,"OK - no known exceptions"
"87443316-a2a6-460d-a91a-38de7abb575e","NIWO_004.basePlot.div","D13","NIWO",40.043059,-105.581501,"WGS84",20.10,3312.5,0.1,"distributed","evergreenForest","NIWO_004","40.3.1","2021-06-30",1,"NIWO_004.1.2021","NEON.DOC.014042vL","plantSpecies","Y","Y","CARO5","Carex rossii Boott","species","Cyperaceae","N",,,,,,,9.00,"N",,,"0000-0002-9445-2184","0000-0001-7448-1116","OK",,"OK - no known exceptions"
"d042bfca-2644-4676-8128-54aefb595db0","NIWO_004.basePlot.div","D13","NIWO",40.043059,-105.581501,"WGS84",20.10,3312.5,0.1,"distributed","evergreenForest","NIWO_004","40.3.1","2021-06-30",1,"NIWO_004.1.2021","NEON.DOC.014042vL","otherVariables","Y","Y",,,,,,,,,,,"litter",45.00,,,,"0000-0002-9445-2184","0000-0001-7448-1116","OK",,"OK - no known exceptions"
"a1f1076e-dbbc-4e37-b1de-97cccf3b3dc7","NIWO_004.basePlot.div","D13","NIWO",40.043059,-105.581501,"WGS84",20.10,3312.5,0.1,"distributed","evergreenForest","NIWO_004","31.1.1","2021-06-30",1,"NIWO_004.1.2021","NEON.DOC.014042vL","otherVariables","Y","Y",,,,,,,,,,,"scat",0.50,,,,"0000-0002-9445-2184","0000-0002-3172-7101","OK",,"OK - no known exceptions"
"ec9d9aaa-4720-4529-ace7-9d03353b5046","NIWO_004.basePlot.div","D13","NIWO",40.043059,-105.581501,"WGS84",20.10,3312.5,0.1,"distributed","evergreenForest","NIWO_004","41.4.1","2021-06-30",1,"NIWO_004.1.2021","NEON.DOC.014042vL","otherVariables","Y","Y",,,,,,,,,,,"litter",40.00,,,,"0000-0002-9445-2184","0000-0001-7448-1116","OK",,"OK - no known exceptions"
"08fea22f-fb49-4420-8fa8-9d935a10348b","NIWO_004.basePlot.div","D13","NIWO",40.043059,-105.581501,"WGS84",20.10,3312.5,0.1,"distributed","evergreenForest","NIWO_004","32.4.1","2021-06-30",1,"NIWO_004.1.2021","NEON.DOC.014042vL","plantSpecies","Y","Y","VAMY2/VASC","Vaccinium myrtillus/scoparium","speciesGroup","Ericaceae","N",,,,,,,27.00,"N",,,"0000-0002-9445-2184","0000-0002-3172-7101","OK",,"OK - no known exceptions"
"075fafc5-21f0-4d17-bd78-6ad36a1dd7c5","NIWO_004.basePlot.div","D13","NIWO",40.043059,-105.581501,"WGS84",20.10,3312.5,0.1,"distributed","evergreenForest","NIWO_004","31.1.1","2021-06-30",1,"NIWO_004.1.2021","NEON.DOC.014042vL","plantSpecies","Y","Y","VAMY2/VASC","Vaccinium myrtillus/scoparium","speciesGroup","Ericaceae","N",,,,,,,13.00,"N",,,"0000-0002-9445-2184","0000-0002-3172-7101","OK",,"OK - no known exceptions"
"fecd5815-2724-4a74-a211-9eb472c8782d","NIWO_004.basePlot.div","D13","NIWO",40.043059,-105.581501,"WGS84",20.10,3312.5,0.1,"distributed","evergreenForest","NIWO_004","41.4.1","2021-06-30",1,"NIWO_004.1.2021","NEON.DOC.014042vL","plantSpecies","Y","Y","SEDE2","Selaginella densa Rydb.","species","Selaginellaceae","N",,,,,,,12.00,"N",,,"0000-0002-9445-2184","0000-0001-7448-1116","OK",,"OK - no known exceptions"
"33660846-9076-48aa-9e85-f6d0b8446bd0","NIWO_004.basePlot.div","D13","NIWO",40.043059,-105.581501,"WGS84",20.10,3312.5,0.1,"distributed","evergreenForest","NIWO_004","32.4.1","2021-06-30",1,"NIWO_004.1.2021","NEON.DOC.014042vL","otherVariables","Y","Y",,,,,,,,,,,"scat",0.50,,,,"0000-0002-9445-2184","0000-0002-3172-7101","OK",,"OK - no known exceptions"
"1ab0d07e-dea2-4c83-878e-0e1af7967679","NIWO_004.basePlot.div","D13","NIWO",40.043059,-105.581501,"WGS84",20.10,3312.5,0.1,"distributed","evergreenForest","NIWO_004","32.4.1","2021-06-30",1,"NIWO_004.1.2021","NEON.DOC.014042vL","otherVariables","Y","Y",,,,,,,,,,,"standingDeadHerbaceous",0.50,,,,"0000-0002-9445-2184","0000-0002-3172-7101","OK",,"OK - no known exceptions"
"0970fe50-86f3-44f8-aa54-f29e073a3686","NIWO_004.basePlot.div","D13","NIWO",40.043059,-105.581501,"WGS84",20.10,3312.5,0.1,"distributed","evergreenForest","NIWO_004","40.3.1","2021-06-30",1,"NIWO_004.1.2021","NEON.DOC.014042vL","otherVariables","Y","Y",,,,,,,,,,,"scat",0.50,,,,"0000-0002-9445-2184","0000-0001-7448-1116","OK",,"OK - no known exceptions"
"e41d2bda-3854-4897-8d56-ff0c17ea37cf","NIWO_004.basePlot.div","D13","NIWO",40.043059,-105.581501,"WGS84",20.10,3312.5,0.1,"distributed","evergreenForest","NIWO_004","32.4.1","2021-06-30",1,"NIWO_004.1.2021","NEON.DOC.014042vL","otherVariables","Y","Y",,,,,,,,,,,"litter",20.00,,,,"0000-0002-9445-2184","0000-0002-3172-7101","OK",,"OK - no known exceptions"
"8207e8e7-c1d7-495d-8c19-feb45a34ba6f","NIWO_004.basePlot.div","D13","NIWO",40.043059,-105.581501,"WGS84",20.10,3312.5,0.1,"distributed","evergreenForest","NIWO_004","31.1.1","2021-06-30",1,"NIWO_004.1.2021","NEON.DOC.014042vL","otherVariables","Y","Y",,,,,,,,,,,"lichen",4.00,,,,"0000-0002-9445-2184","0000-0002-3172-7101","OK",,"OK - no known exceptions"
"77458add-55ff-417c-bb0c-e69feee495b7","NIWO_004.basePlot.div","D13","NIWO",40.043059,-105.581501,"WGS84",20.10,3312.5,0.1,"distributed","evergreenForest","NIWO_004","40.1.1","2021-06-30",1,"NIWO_004.1.2021","NEON.DOC.014042vL","plantSpecies","Y","Y","ARFEF3","Arenaria fendleri A. Gray var. fendleri","variety","Caryophyllaceae","N",,,,,,,0.50,"N",,,"0000-0002-9445-2184","0000-0001-7448-1116","OK",,"OK - no known exceptions"
"90bbfc68-cd27-4a23-8dd5-4a2428d0aebb","NIWO_004.basePlot.div","D13","NIWO",40.043059,-105.581501,"WGS84",20.10,3312.5,0.1,"distributed","evergreenForest","NIWO_004","40.3.1","2021-06-30",1,"NIWO_004.1.2021","NEON.DOC.014042vL","plantSpecies","Y","Y","PIEN","Picea engelmannii Parry ex Engelm.","species","Pinaceae","N",,,,,,,35.00,"N",,,"0000-0002-9445-2184","0000-0001-7448-1116","OK",,"OK - no known exceptions"
"6b899c94-afaa-47e0-9e16-18788675a186","NIWO_004.basePlot.div","D13","NIWO",40.043059,-105.581501,"WGS84",20.10,3312.5,0.1,"distributed","evergreenForest","NIWO_004","41.4.1","2021-06-30",1,"NIWO_004.1.2021","NEON.DOC.014042vL","otherVariables","Y","Y",,,,,,,,,,,"standingDeadHerbaceous",0.50,,,,"0000-0002-9445-2184","0000-0001-7448-1116","OK",,"OK - no known exceptions"
"05c4aaba-cf33-470f-8a5f-1f3b47d3a35a","NIWO_004.basePlot.div","D13","NIWO",40.043059,-105.581501,"WGS84",20.10,3312.5,0.1,"distributed","evergreenForest","NIWO_004","32.4.1","2021-06-30",1,"NIWO_004.1.2021","NEON.DOC.014042vL","otherVariables","Y","Y",,,,,,,,,,,"rock",15.00,,,,"0000-0002-9445-2184","0000-0002-3172-7101","OK",,"OK - no known exceptions"
"c8a1bdc8-15da-4b7c-a97d-bc2b9dd20d2c","NIWO_004.basePlot.div","D13","NIWO",40.043059,-105.581501,"WGS84",20.10,3312.5,0.1,"distributed","evergreenForest","NIWO_004","40.1.1","2021-06-30",1,"NIWO_004.1.2021","NEON.DOC.014042vL","plantSpecies","Y","Y","ABLAL","Abies lasiocarpa (Hook.) Nutt. var. lasiocarpa","variety","Pinaceae","N",,,,,,,1.00,"N",,,"0000-0002-9445-2184","0000-0001-7448-1116","OK",,"OK - no known exceptions"
"0e5ef335-ec75-4778-88b7-67ee81b318eb","NIWO_004.basePlot.div","D13","NIWO",40.043059,-105.581501,"WGS84",20.10,3312.5,0.1,"distributed","evergreenForest","NIWO_004","40.3.1","2021-06-30",1,"NIWO_004.1.2021","NEON.DOC.014042vL","plantSpecies","Y","Y","VAMY2/VASC","Vaccinium myrtillus/scoparium","speciesGroup","Ericaceae","N",,,,,,,11.00,"N",,,"0000-0002-9445-2184","0000-0001-7448-1116","OK",,"OK - no known exceptions"
"d116d013-c2ba-4178-bbc9-94d894d1626c","NIWO_004.basePlot.div","D13","NIWO",40.043059,-105.581501,"WGS84",20.10,3312.5,0.1,"distributed","evergreenForest","NIWO_004","40.1.1","2021-06-30",1,"NIWO_004.1.2021","NEON.DOC.014042vL","plantSpecies","Y","Y","PEWH","Penstemon whippleanus A. Gray","species","Scrophulariaceae","N",,,,,,,0.50,"N",,,"0000-0002-9445-2184","0000-0001-7448-1116","OK",,"OK - no known exceptions"
"ba71d9e3-06a7-4451-bab4-ae248b436a8c","NIWO_004.basePlot.div","D13","NIWO",40.043059,-105.581501,"WGS84",20.10,3312.5,0.1,"distributed","evergreenForest","NIWO_004","32.2.1","2021-06-30",1,"NIWO_004.1.2021","NEON.DOC.014042vL","otherVariables","Y","Y",,,,,,,,,,,"scat",0.50,,,,"0000-0002-9445-2184","0000-0002-3172-7101","OK",,"OK - no known exceptions"
"5adc10be-835b-4b36-9453-ae5dd0e1f30b","NIWO_004.basePlot.div","D13","NIWO",40.043059,-105.581501,"WGS84",20.10,3312.5,0.1,"distributed","evergreenForest","NIWO_004","41.4.1","2021-06-30",1,"NIWO_004.1.2021","NEON.DOC.014042vL","otherVariables","Y","Y",,,,,,,,,,,"scat",0.50,,,,"0000-0002-9445-2184","0000-0001-7448-1116","OK",,"OK - no known exceptions"
"f119b664-e419-4b2e-ab3f-42861c45bcd8","NIWO_004.basePlot.div","D13","NIWO",40.043059,-105.581501,"WGS84",20.10,3312.5,0.1,"distributed","evergreenForest","NIWO_004","40.1.1","2021-06-30",1,"NIWO_004.1.2021","NEON.DOC.014042vL","otherVariables","Y","Y",,,,,,,,,,,"rock",6.00,,,,"0000-0002-9445-2184","0000-0001-7448-1116","OK",,"OK - no known exceptions"
"432d6995-7737-4d62-9143-08a6db5517a3","NIWO_004.basePlot.div","D13","NIWO",40.043059,-105.581501,"WGS84",20.10,3312.5,0.1,"distributed","evergreenForest","NIWO_004","32.2.1","2021-06-30",1,"NIWO_004.1.2021","NEON.DOC.014042vL","otherVariables","Y","Y",,,,,,,,,,,"litter",61.00,,,,"0000-0002-9445-2184","0000-0002-3172-7101","OK",,"OK - no known exceptions"
"b1f9f144-29b9-4a6e-a818-1431d67413fe","NIWO_004.basePlot.div","D13","NIWO",40.043059,-105.581501,"WGS84",20.10,3312.5,0.1,"distributed","evergreenForest","NIWO_004","31.1.1","2021-06-30",1,"NIWO_004.1.2021","NEON.DOC.014042vL","otherVariables","Y","Y",,,,,,,,,,,"standingDeadHerbaceous",3.00,,,,"0000-0002-9445-2184","0000-0002-3172-7101","OK",,"OK - no known exceptions"
"58a7a6c2-9fbe-45ea-8970-1c6c77c6a90e","NIWO_004.basePlot.div","D13","NIWO",40.043059,-105.581501,"WGS84",20.10,3312.5,0.1,"distributed","evergreenForest","NIWO_004","32.4.1","2021-06-30",1,"NIWO_004.1.2021","NEON.DOC.014042vL","otherVariables","Y","Y",,,,,,,,,,,"soil",0.50,,,,"0000-0002-9445-2184","0000-0002-3172-7101","OK",,"OK - no known exceptions"
"f72d42bc-f9e6-4e15-b28b-543f27bce410","NIWO_004.basePlot.div","D13","NIWO",40.043059,-105.581501,"WGS84",20.10,3312.5,0.1,"distributed","evergreenForest","NIWO_004","32.2.1","2021-06-30",1,"NIWO_004.1.2021","NEON.DOC.014042vL","otherVariables","Y","Y",,,,,,,,,,,"rock",16.00,,,,"0000-0002-9445-2184","0000-0002-3172-7101","OK",,"OK - no known exceptions"
"c8344ff0-3216-4332-920d-6859965875f3","NIWO_004.basePlot.div","D13","NIWO",40.043059,-105.581501,"WGS84",20.10,3312.5,0.1,"distributed","evergreenForest","NIWO_004","41.4.1","2021-06-30",1,"NIWO_004.1.2021","NEON.DOC.014042vL","plantSpecies","Y","Y","ARFEF3","Arenaria fendleri A. Gray var. fendleri","variety","Caryophyllaceae","N",,,,,,,0.50,"N",,,"0000-0002-9445-2184","0000-0001-7448-1116","OK",,"OK - no known exceptions"
"4364a9be-4674-4380-9c26-89d38e5769ac","NIWO_004.basePlot.div","D13","NIWO",40.043059,-105.581501,"WGS84",20.10,3312.5,0.1,"distributed","evergreenForest","NIWO_004","31.1.1","2021-06-30",1,"NIWO_004.1.2021","NEON.DOC.014042vL","otherVariables","Y","Y",,,,,,,,,,,"litter",57.00,,,,"0000-0002-9445-2184","0000-0002-3172-7101","OK",,"OK - no known exceptions"
"ef4b4909-e316-45e6-9ae8-f12582ee1d96","NIWO_004.basePlot.div","D13","NIWO",40.043059,-105.581501,"WGS84",20.10,3312.5,0.1,"distributed","evergreenForest","NIWO_004","40.3.1","2021-06-30",1,"NIWO_004.1.2021","NEON.DOC.014042vL","otherVariables","Y","Y",,,,,,,,,,,"lichen",16.00,,,,"0000-0002-9445-2184","0000-0001-7448-1116","OK",,"OK - no known exceptions"
"ff884352-10b8-43d6-9332-4ed50fe3e2b5","NIWO_004.basePlot.div","D13","NIWO",40.043059,-105.581501,"WGS84",20.10,3312.5,0.1,"distributed","evergreenForest","NIWO_004","32.2.1","2021-06-30",1,"NIWO_004.1.2021","NEON.DOC.014042vL","otherVariables","Y","Y",,,,,,,,,,,"soil",2.00,,,,"0000-0002-9445-2184","0000-0002-3172-7101","OK",,"OK - no known exceptions"
"f28a3556-00b5-4a25-985c-dd3fa76b2143","NIWO_004.basePlot.div","D13","NIWO",40.043059,-105.581501,"WGS84",20.10,3312.5,0.1,"distributed","evergreenForest","NIWO_004","40.3.1","2021-06-30",1,"NIWO_004.1.2021","NEON.DOC.014042vL","otherVariables","Y","Y",,,,,,,,,,,"rock",3.00,,,,"0000-0002-9445-2184","0000-0001-7448-1116","OK",,"OK - no known exceptions"
"f2b84b29-904d-4c60-92a7-8188bb15555d","NIWO_004.basePlot.div","D13","NIWO",40.043059,-105.581501,"WGS84",20.10,3312.5,0.1,"distributed","evergreenForest","NIWO_004","31.1.1","2021-06-30",1,"NIWO_004.1.2021","NEON.DOC.014042vL","plantSpecies","Y","Y","JUCOD","Juniperus communis L. var. depressa Pursh","variety","Cupressaceae","N",,,,,,,6.00,"N",,,"0000-0002-9445-2184","0000-0002-3172-7101","OK",,"OK - no known exceptions"
"e3601769-2088-4437-b4a3-300bbf1fd388","NIWO_004.basePlot.div","D13","NIWO",40.043059,-105.581501,"WGS84",20.10,3312.5,0.1,"distributed","evergreenForest","NIWO_004","40.1.1","2021-06-30",1,"NIWO_004.1.2021","NEON.DOC.014042vL","otherVariables","Y","Y",,,,,,,,,,,"litter",53.00,,,,"0000-0002-9445-2184","0000-0001-7448-1116","OK",,"OK - no known exceptions"
"5935378a-d21c-4005-b45a-d3c3cb4d391a","NIWO_004.basePlot.div","D13","NIWO",40.043059,-105.581501,"WGS84",20.10,3312.5,0.1,"distributed","evergreenForest","NIWO_004","40.1.1","2021-06-30",1,"NIWO_004.1.2021","NEON.DOC.014042vL","otherVariables","Y","Y",,,,,,,,,,,"standingDeadWoody",0.50,,,,"0000-0002-9445-2184","0000-0001-7448-1116","OK",,"OK - no known exceptions"
"666f339e-9080-4e48-9847-bab6b8464079","NIWO_004.basePlot.div","D13","NIWO",40.043059,-105.581501,"WGS84",20.10,3312.5,0.1,"distributed","evergreenForest","NIWO_004","40.3.1","2021-06-30",1,"NIWO_004.1.2021","NEON.DOC.014042vL","otherVariables","Y","Y",,,,,,,,,,,"soil",7.00,,,,"0000-0002-9445-2184","0000-0001-7448-1116","OK",,"OK - no known exceptions"
"42513603-bfbd-4df0-adc8-6ab6248daaa3","NIWO_004.basePlot.div","D13","NIWO",40.043059,-105.581501,"WGS84",20.10,3312.5,0.1,"distributed","evergreenForest","NIWO_004","40.3.1","2021-06-30",1,"NIWO_004.1.2021","NEON.DOC.014042vL","otherVariables","Y","Y",,,,,,,,,,,"wood",5.00,,,,"0000-0002-9445-2184","0000-0001-7448-1116","OK",,"OK - no known exceptions"
"4a033964-b2bb-473a-86d8-fcc6a81b9fa4","NIWO_004.basePlot.div","D13","NIWO",40.043059,-105.581501,"WGS84",20.10,3312.5,0.1,"distributed","evergreenForest","NIWO_004","32.4.1","2021-06-30",1,"NIWO_004.1.2021","NEON.DOC.014042vL","otherVariables","Y","Y",,,,,,,,,,,"standingDeadWoody",1.00,,,,"0000-0002-9445-2184","0000-0002-3172-7101","OK",,"OK - no known exceptions"
"3ce21125-a4cc-4b7b-9475-3cd50003cc88","NIWO_004.basePlot.div","D13","NIWO",40.043059,-105.581501,"WGS84",20.10,3312.5,0.1,"distributed","evergreenForest","NIWO_004","31.1.1","2021-06-30",1,"NIWO_004.1.2021","NEON.DOC.014042vL","plantSpecies","Y","Y","ACMI2","Achillea millefolium L.","species","Asteraceae","NI",,,,,,,0.50,"N",,,"0000-0002-9445-2184","0000-0002-3172-7101","OK",,"OK - no known exceptions"
"27af2c99-6826-486b-b238-26bc9a1bcd90","NIWO_004.basePlot.div","D13","NIWO",40.043059,-105.581501,"WGS84",20.10,3312.5,0.1,"distributed","evergreenForest","NIWO_004","31.1.1","2021-06-30",1,"NIWO_004.1.2021","NEON.DOC.014042vL","plantSpecies","Y","Y","SOSI3","Solidago simplex Kunth","species","Asteraceae","N",,,,,,,0.50,"N",,,"0000-0002-9445-2184","0000-0002-3172-7101","OK",,"OK - no known exceptions"
"cb3edb40-b8e5-44ef-8efd-2db0c37d1431","NIWO_004.basePlot.div","D13","NIWO",40.043059,-105.581501,"WGS84",20.10,3312.5,0.1,"distributed","evergreenForest","NIWO_004","41.4.1","2021-06-30",1,"NIWO_004.1.2021","NEON.DOC.014042vL","otherVariables","Y","Y",,,,,,,,,,,"otherNonVascular",0.50,,,,"0000-0002-9445-2184","0000-0001-7448-1116","OK",,"OK - no known exceptions"
"709c70a7-27e6-4941-9f0b-8853686ca76d","NIWO_004.basePlot.div","D13","NIWO",40.043059,-105.581501,"WGS84",20.10,3312.5,0.1,"distributed","evergreenForest","NIWO_004","32.2.1","2021-06-30",1,"NIWO_004.1.2021","NEON.DOC.014042vL","otherVariables","Y","Y",,,,,,,,,,,"standingDeadWoody",0.50,,,,"0000-0002-9445-2184","0000-0002-3172-7101","OK",,"OK - no known exceptions"
"bfe625a5-1898-490d-8ae2-5b892199ba8b","NIWO_004.basePlot.div","D13","NIWO",40.043059,-105.581501,"WGS84",20.10,3312.5,0.1,"distributed","evergreenForest","NIWO_004","32.4.1","2021-06-30",1,"NIWO_004.1.2021","NEON.DOC.014042vL","plantSpecies","Y","Y","POPUD3","Polemonium pulcherrimum Hook. ssp. delicatum (Rydb.) Brand","subspecies","Polemoniaceae","N",,,,,,,1.00,"N",,,"0000-0002-9445-2184","0000-0002-3172-7101","OK",,"OK - no known exceptions"
"6fd1933e-21f1-4450-9e54-f7c33d0b17e4","NIWO_004.basePlot.div","D13","NIWO",40.043059,-105.581501,"WGS84",20.10,3312.5,0.1,"distributed","evergreenForest","NIWO_004","32.2.1","2021-06-30",1,"NIWO_004.1.2021","NEON.DOC.014042vL","plantSpecies","Y","Y","CARO5","Carex rossii Boott","species","Cyperaceae","N",,,,,,,1.00,"N",,,"0000-0002-9445-2184","0000-0002-3172-7101","OK",,"OK - no known exceptions"
"66d4835f-adf8-4cf0-8cef-4f3e43c1909c","NIWO_004.basePlot.div","D13","NIWO",40.043059,-105.581501,"WGS84",20.10,3312.5,0.1,"distributed","evergreenForest","NIWO_004","40.1.1","2021-06-30",1,"NIWO_004.1.2021","NEON.DOC.014042vL","plantSpecies","Y","Y","ARDR","Arabis drummondii A. Gray","species","Brassicaceae","N",,,,,,,0.50,"N",,,"0000-0002-9445-2184","0000-0001-7448-1116","OK",,"OK - no known exceptions"
"7a58eb21-bc5b-4d36-b33d-a4148731aac8","NIWO_004.basePlot.div","D13","NIWO",40.043059,-105.581501,"WGS84",20.10,3312.5,0.1,"distributed","evergreenForest","NIWO_004","32.2.1","2021-06-30",1,"NIWO_004.1.2021","NEON.DOC.014042vL","otherVariables","Y","Y",,,,,,,,,,,"standingDeadHerbaceous",0.50,,,,"0000-0002-9445-2184","0000-0002-3172-7101","OK",,"OK - no known exceptions"
"ca73bfaa-8d5b-4684-8d65-1c30b052a043","NIWO_004.basePlot.div","D13","NIWO",40.043059,-105.581501,"WGS84",20.10,3312.5,0.1,"distributed","evergreenForest","NIWO_004","40.1.1","2021-06-30",1,"NIWO_004.1.2021","NEON.DOC.014042vL","otherVariables","Y","Y",,,,,,,,,,,"wood",1.00,,,,"0000-0002-9445-2184","0000-0001-7448-1116","OK",,"OK - no known exceptions"
"588229ca-53c5-4b49-80a0-8e9b72e1b9cb","NIWO_004.basePlot.div","D13","NIWO",40.043059,-105.581501,"WGS84",20.10,3312.5,0.1,"distributed","evergreenForest","NIWO_004","32.2.1","2021-06-30",1,"NIWO_004.1.2021","NEON.DOC.014042vL","otherVariables","Y","Y",,,,,,,,,,,"wood",3.00,,,,"0000-0002-9445-2184","0000-0002-3172-7101","OK",,"OK - no known exceptions"
"1704eaf3-8aa0-44db-b1fc-c7ed56dcc621","NIWO_004.basePlot.div","D13","NIWO",40.043059,-105.581501,"WGS84",20.10,3312.5,0.1,"distributed","evergreenForest","NIWO_004","31.1.1","2021-06-30",1,"NIWO_004.1.2021","NEON.DOC.014042vL","otherVariables","Y","Y",,,,,,,,,,,"rock",10.00,,,,"0000-0002-9445-2184","0000-0002-3172-7101","OK",,"OK - no known exceptions"
"b8f6e5ed-addb-45de-b861-9806289ce994","NIWO_004.basePlot.div","D13","NIWO",40.043059,-105.581501,"WGS84",20.10,3312.5,0.1,"distributed","evergreenForest","NIWO_004","32.2.1","2021-06-30",1,"NIWO_004.1.2021","NEON.DOC.014042vL","plantSpecies","Y","Y","VAMY2/VASC","Vaccinium myrtillus/scoparium","speciesGroup","Ericaceae","N",,,,,,,21.00,"N",,,"0000-0002-9445-2184","0000-0002-3172-7101","OK",,"OK - no known exceptions"
"3fa36dd1-39c4-46c7-a39b-e392fe3c7aeb","NIWO_004.basePlot.div","D13","NIWO",40.043059,-105.581501,"WGS84",20.10,3312.5,0.1,"distributed","evergreenForest","NIWO_004","40.1.1","2021-06-30",1,"NIWO_004.1.2021","NEON.DOC.014042vL","otherVariables","Y","Y",,,,,,,,,,,"standingDeadHerbaceous",0.50,,,,"0000-0002-9445-2184","0000-0001-7448-1116","OK",,"OK - no known exceptions"
"6bd5e100-1443-46a8-bc6d-5e82a7fe5cbc","NIWO_004.basePlot.div","D13","NIWO",40.043059,-105.581501,"WGS84",20.10,3312.5,0.1,"distributed","evergreenForest","NIWO_004","41.4.1","2021-06-30",1,"NIWO_004.1.2021","NEON.DOC.014042vL","otherVariables","Y","Y",,,,,,,,,,,"standingDeadWoody",0.50,,,,"0000-0002-9445-2184","0000-0001-7448-1116","OK",,"OK - no known exceptions"
"8b27ab9d-dfcb-473d-afd6-8ca828576f4f","NIWO_004.basePlot.div","D13","NIWO",40.043059,-105.581501,"WGS84",20.10,3312.5,0.1,"distributed","evergreenForest","NIWO_004","40.1.1","2021-06-30",1,"NIWO_004.1.2021","NEON.DOC.014042vL","otherVariables","Y","Y",,,,,,,,,,,"scat",0.50,,,,"0000-0002-9445-2184","0000-0001-7448-1116","OK",,"OK - no known exceptions"
"b6b7924f-bd65-432e-b36e-56895aedd5f3","NIWO_004.basePlot.div","D13","NIWO",40.043059,-105.581501,"WGS84",20.10,3312.5,0.1,"distributed","evergreenForest","NIWO_004","41.4.1","2021-06-30",1,"NIWO_004.1.2021","NEON.DOC.014042vL","otherVariables","Y","Y",,,,,,,,,,,"wood",0.50,,,,"0000-0002-9445-2184","0000-0001-7448-1116","OK",,"OK - no known exceptions"
"4f674bad-4da8-43d4-a026-8c1c74cd2ce0","NIWO_004.basePlot.div","D13","NIWO",40.043059,-105.581501,"WGS84",20.10,3312.5,0.1,"distributed","evergreenForest","NIWO_004","32.4.1","2021-06-30",1,"NIWO_004.1.2021","NEON.DOC.014042vL","plantSpecies","Y","Y","CARO5","Carex rossii Boott","species","Cyperaceae","N",,,,,,,0.50,"N",,,"0000-0002-9445-2184","0000-0002-3172-7101","OK",,"OK - no known exceptions"
"9256f9ee-38c1-43de-902e-e42124460598","NIWO_004.basePlot.div","D13","NIWO",40.043059,-105.581501,"WGS84",20.10,3312.5,0.1,"distributed","evergreenForest","NIWO_004","41.4.1","2021-06-30",1,"NIWO_004.1.2021","NEON.DOC.014042vL","otherVariables","Y","Y",,,,,,,,,,,"moss",0.50,,,,"0000-0002-9445-2184","0000-0001-7448-1116","OK",,"OK - no known exceptions"
"b2c7b567-3e7e-4034-871e-04cd8160f572","NIWO_004.basePlot.div","D13","NIWO",40.043059,-105.581501,"WGS84",20.10,3312.5,0.1,"distributed","evergreenForest","NIWO_004","40.3.1","2021-06-30",1,"NIWO_004.1.2021","NEON.DOC.014042vL","otherVariables","Y","Y",,,,,,,,,,,"standingDeadHerbaceous",4.00,,,,"0000-0002-9445-2184","0000-0001-7448-1116","OK",,"OK - no known exceptions"
"6279fc1c-6ca4-4e99-bd04-51e312431a91","NIWO_004.basePlot.div","D13","NIWO",40.043059,-105.581501,"WGS84",20.10,3312.5,0.1,"distributed","evergreenForest","NIWO_004","40.3.1","2021-06-30",1,"NIWO_004.1.2021","NEON.DOC.014042vL","otherVariables","Y","Y",,,,,,,,,,,"moss",0.50,,,,"0000-0002-9445-2184","0000-0001-7448-1116","OK",,"OK - no known exceptions"
"005c01aa-6839-434c-8cb1-20ab69bedaaa","NIWO_004.basePlot.div","D13","NIWO",40.043059,-105.581501,"WGS84",20.10,3312.5,0.1,"distributed","evergreenForest","NIWO_004","40.3.1","2021-06-30",1,"NIWO_004.1.2021","NEON.DOC.014042vL","plantSpecies","Y","Y","ANTEN","Antennaria sp.","genus","Asteraceae","N",,,,,,,0.50,"N",,,"0000-0002-9445-2184","0000-0001-7448-1116","OK",,"OK - no known exceptions"
"578501f1-0d08-4cc8-ab6a-3de8df06b724","NIWO_004.basePlot.div","D13","NIWO",40.043059,-105.581501,"WGS84",20.10,3312.5,0.1,"distributed","evergreenForest","NIWO_004","40.1.1","2021-06-30",1,"NIWO_004.1.2021","NEON.DOC.014042vL","plantSpecies","Y","Y","CARO5","Carex rossii Boott","species","Cyperaceae","N",,,,,,,1.00,"N",,,"0000-0002-9445-2184","0000-0001-7448-1116","OK",,"OK - no known exceptions"
"1b5b977a-b2b7-41a4-92f3-2b2461f5e220","NIWO_004.basePlot.div","D13","NIWO",40.043059,-105.581501,"WGS84",20.10,3312.5,0.1,"distributed","evergreenForest","NIWO_004","40.1.1","2021-06-30",1,"NIWO_004.1.2021","NEON.DOC.014042vL","otherVariables","Y","Y",,,,,,,,,,,"lichen",0.50,,,,"0000-0002-9445-2184","0000-0001-7448-1116","OK",,"OK - no known exceptions"
"e36a5698-20fc-496d-a496-167e4fba03ec","NIWO_004.basePlot.div","D13","NIWO",40.043059,-105.581501,"WGS84",20.10,3312.5,0.1,"distributed","evergreenForest","NIWO_004","41.4.1","2021-06-30",1,"NIWO_004.1.2021","NEON.DOC.014042vL","otherVariables","Y","Y",,,,,,,,,,,"rock",4.00,,,,"0000-0002-9445-2184","0000-0001-7448-1116","OK",,"OK - no known exceptions"
"a3b1a1c1-6e75-4799-9259-f7f6fe02e7a5","NIWO_004.basePlot.div","D13","NIWO",40.043059,-105.581501,"WGS84",20.10,3312.5,0.1,"distributed","evergreenForest","NIWO_004","32.2.1","2021-06-30",1,"NIWO_004.1.2021","NEON.DOC.014042vL","otherVariables","Y","Y",,,,,,,,,,,"lichen",5.00,,,,"0000-0002-9445-2184","0000-0002-3172-7101","OK",,"OK - no known exceptions"
"ec0a8467-b61a-4179-a484-e0917c929d85","NIWO_004.basePlot.div","D13","NIWO",40.043059,-105.581501,"WGS84",20.10,3312.5,0.1,"distributed","evergreenForest","NIWO_004","32.4.1","2021-06-30",1,"NIWO_004.1.2021","NEON.DOC.014042vL","otherVariables","Y","Y",,,,,,,,,,,"lichen",1.00,,,,"0000-0002-9445-2184","0000-0002-3172-7101","OK",,"OK - no known exceptions"
"4b840c4f-eefc-43a5-bc01-c4e84acbdd9b","NIWO_004.basePlot.div","D13","NIWO",40.043059,-105.581501,"WGS84",20.10,3312.5,0.1,"distributed","evergreenForest","NIWO_004","41.4.1","2021-06-30",1,"NIWO_004.1.2021","NEON.DOC.014042vL","otherVariables","Y","Y",,,,,,,,,,,"lichen",29.00,,,,"0000-0002-9445-2184","0000-0001-7448-1116","OK",,"OK - no known exceptions"
"fa76bc55-d925-4081-9c84-dcf901f0d3ad","NIWO_004.basePlot.div","D13","NIWO",40.043059,-105.581501,"WGS84",20.10,3312.5,0.1,"distributed","evergreenForest","NIWO_004","32.4.1","2021-06-30",1,"NIWO_004.1.2021","NEON.DOC.014042vL","otherVariables","Y","Y",,,,,,,,,,,"moss",0.50,,,,"0000-0002-9445-2184","0000-0002-3172-7101","OK",,"OK - no known exceptions"
"412ad910-b8a1-4a1b-b5b2-29d33959b2e5","NIWO_004.basePlot.div","D13","NIWO",40.043059,-105.581501,"WGS84",20.10,3312.5,0.1,"distributed","evergreenForest","NIWO_004","32.4.1","2021-06-30",1,"NIWO_004.1.2021","NEON.DOC.014042vL","otherVariables","Y","Y",,,,,,,,,,,"wood",48.00,,,,"0000-0002-9445-2184","0000-0002-3172-7101","OK",,"OK - no known exceptions"
"e85b62a9-3c03-4a68-8264-8c55e0a07bce","NIWO_004.basePlot.div","D13","NIWO",40.043059,-105.581501,"WGS84",20.10,3312.5,0.1,"distributed","evergreenForest","NIWO_004","41.4.1","2021-06-30",1,"NIWO_004.1.2021","NEON.DOC.014042vL","plantSpecies","Y","Y","CARO5","Carex rossii Boott","species","Cyperaceae","N",,,,,,,0.50,"N",,,"0000-0002-9445-2184","0000-0001-7448-1116","OK",,"OK - no known exceptions"
"abdbdaca-28e2-47c5-b964-8995a81238c8","NIWO_004.basePlot.div","D13","NIWO",40.043059,-105.581501,"WGS84",20.10,3312.5,0.1,"distributed","evergreenForest","NIWO_004","32.4.1","2021-06-30",1,"NIWO_004.1.2021","NEON.DOC.014042vL","plantSpecies","Y","Y","JUCOD","Juniperus communis L. var. depressa Pursh","variety","Cupressaceae","N",,,,,,,9.00,"N",,,"0000-0002-9445-2184","0000-0002-3172-7101","OK",,"OK - no known exceptions"
"0077b346-c319-4749-9ced-d1e1a706c647","NIWO_004.basePlot.div","D13","NIWO",40.043059,-105.581501,"WGS84",20.10,3312.5,0.1,"distributed","evergreenForest","NIWO_004","40.3.1","2021-06-30",1,"NIWO_004.1.2021","NEON.DOC.014042vL","plantSpecies","Y","Y","PEWH","Penstemon whippleanus A. Gray","species","Scrophulariaceae","N",,,,,,,1.00,"N",,,"0000-0002-9445-2184","0000-0001-7448-1116","OK",,"OK - no known exceptions"
"d398f785-970e-4cd0-a659-8338ff6ab16e","NIWO_004.basePlot.div","D13","NIWO",40.043059,-105.581501,"WGS84",20.10,3312.5,0.1,"distributed","evergreenForest","NIWO_004","31.1.1","2021-06-30",1,"NIWO_004.1.2021","NEON.DOC.014042vL","otherVariables","Y","Y",,,,,,,,,,,"wood",4.00,,,,"0000-0002-9445-2184","0000-0002-3172-7101","OK",,"OK - no known exceptions"
"47a77413-d089-4b14-9385-601e4b904955","NIWO_004.basePlot.div","D13","NIWO",40.043059,-105.581501,"WGS84",20.10,3312.5,0.1,"distributed","evergreenForest","NIWO_004","31.1.1","2021-06-30",1,"NIWO_004.1.2021","NEON.DOC.014042vL","plantSpecies","Y","Y","CARO5","Carex rossii Boott","species","Cyperaceae","N",,,,,,,7.00,"N",,,"0000-0002-9445-2184","0000-0002-3172-7101","OK",,"OK - no known exceptions"
"ada655c5-9da8-4164-9c56-9b8898065154","NIWO_004.basePlot.div","D13","NIWO",40.043059,-105.581501,"WGS84",20.10,3312.5,0.1,"distributed","evergreenForest","NIWO_004","40.1.1","2021-06-30",1,"NIWO_004.1.2021","NEON.DOC.014042vL","plantSpecies","Y","Y","VAMY2/VASC","Vaccinium myrtillus/scoparium","speciesGroup","Ericaceae","N",,,,,,,22.00,"N",,,"0000-0002-9445-2184","0000-0001-7448-1116","OK",,"OK - no known exceptions"
"4a7b160e-d12f-4baf-aaca-63f5ed891d21","NIWO_004.basePlot.div","D13","NIWO",40.043059,-105.581501,"WGS84",20.10,3312.5,0.1,"distributed","evergreenForest","NIWO_004","40.1.1","2021-06-30",1,"NIWO_004.1.2021","NEON.DOC.014042vL","otherVariables","Y","Y",,,,,,,,,,,"soil",15.00,,,,"0000-0002-9445-2184","0000-0001-7448-1116","OK",,"OK - no known exceptions"
"4a9a2112-b02a-4dbd-8004-29a12e1202ef","NIWO_004.basePlot.div","D13","NIWO",40.043059,-105.581501,"WGS84",20.10,3312.5,0.1,"distributed","evergreenForest","NIWO_004","40.3.1","2021-06-30",1,"NIWO_004.1.2021","NEON.DOC.014042vL","otherVariables","Y","Y",,,,,,,,,,,"standingDeadWoody",0.50,,,,"0000-0002-9445-2184","0000-0001-7448-1116","OK",,"OK - no known exceptions"
"4cb2aa8f-ef17-4c10-8bf9-e73d5e957f11","NIWO_004.basePlot.div","D13","NIWO",40.043059,-105.581501,"WGS84",20.10,3312.5,0.1,"distributed","evergreenForest","NIWO_004","41.4.1","2021-06-30",1,"NIWO_004.1.2021","NEON.DOC.014042vL","plantSpecies","Y","Y","SOSI3","Solidago simplex Kunth","species","Asteraceae","N",,,,,,,0.50,"N",,,"0000-0002-9445-2184","0000-0001-7448-1116","OK",,"OK - no known exceptions"
"75ca5ac8-278c-40fc-9583-548ccc5c1bcd","NIWO_004.basePlot.div","D13","NIWO",40.043059,-105.581501,"WGS84",20.10,3312.5,0.1,"distributed","evergreenForest","NIWO_004","41.4.1","2021-06-30",1,"NIWO_004.1.2021","NEON.DOC.014042vL","otherVariables","Y","Y",,,,,,,,,,,"soil",2.00,,,,"0000-0002-9445-2184","0000-0001-7448-1116","OK",,"OK - no known exceptions"
"fd85bc62-c421-4b3e-8640-9d271a3911f7","NIWO_004.basePlot.div","D13","NIWO",40.043059,-105.581501,"WGS84",20.10,3312.5,0.1,"distributed","evergreenForest","NIWO_004","31.1.1","2021-06-30",1,"NIWO_004.1.2021","NEON.DOC.014042vL","otherVariables","Y","Y",,,,,,,,,,,"soil",0.50,,,,"0000-0002-9445-2184","0000-0002-3172-7101","OK",,"OK - no known exceptions"
